Agency,Report,Date,Type,Location
APD,2025-00000001,01/01/2025 00:01,Vandalism,"862 MINOTA AVE"
APD,2025-00000012,01/01/2025 00:11,Domestic Incident,"659 EAST AVE"
APD,2025-00000030,01/01/2025 01:13,Burglary,"316 WYANT RD"
APD,2025-00000032,01/01/2025 01:41,Domestic Incident,"510 TAMIAMI TRL"
APD,2025-00000035,01/01/2025 01:46,Theft,"2886 MOGADORE RD, SUITE/LOT D16"
APD,2025-00000044,01/01/2025 01:52,Domestic Incident,"930 ROCKY BROOK DR, SUITE/LOT A"
APD,2025-00000039,01/01/2025 01:53,Domestic Incident,"274 WHEELER ST"
APD,2025-00000049,01/01/2025 02:17,Suspicious Activity,"460 COPLEY RD, SUITE/LOT 10"
APD,2025-00000050,01/01/2025 02:20,Assault,"849 VERNON ODOM BLVD"
APD,2025-00000052,01/01/2025 02:30,Domestic Incident,"1212 NEPTUNE AVE"
UAPD,25-7868,11/26/2025 07:27,Theft,"BP gas station"
UAPD,25-7847,11/25/2025 10:27,Theft,"Arts & Sciences"
UAPD,25-7852,11/25/2025 12:34,Theft,"Student Union"
UAPD,25-7854,11/25/2025 15:10,Theft,"Schrank Hall South"
UAPD,25-6016,,Suspicious Activity,"College of Business"
UAPD,25-1720,,Assault,"Vine St."
UAPD,12-7317,,Other,"Broadway/Buchtel"
APD,2025-00103366,09/01/2025 00:09,Suspicious Activity,"509 CROSBY ST"
UAPD,2025-00005592,09/01/2025 00:18,Sexual Assault,"265 BUCHTEL CMN, SUITE/LOT 403"
APD,2025-00103381,09/01/2025 01:21,Vandalism,"2948 TRENTON RD"
APD,2025-00103384,09/01/2025 01:36,Assault,"508 E BUCHTEL AVE, SUITE/LOT 3F"
APD,2025-00103392,09/01/2025 02:25,Other,"919 EAST AVE"
APD,2025-00103395,09/01/2025 02:33,Assault,"894 INMAN ST"
APD,2025-00103402,09/01/2025 03:22,Stalking,"894 INMAN ST"
APD,2025-00103410,09/01/2025 04:16,Vandalism,"660 FERN ST"
APD,2025-00103424,09/01/2025 06:42,Other,"156 E IDO AVE"
APD,2025-00103422,09/01/2025 07:01,Sexual Assault,"459 NOBLE AVE"
APD,2025-00103423,09/01/2025 07:09,Domestic Incident,"1219 NOME AVE"
APD,2025-00103439,09/01/2025 08:44,Vandalism,"1646 GOODYEAR BLVD"
APD,2025-00103437,09/01/2025 08:45,Other,"701 DRUID WALK, SUITE/LOT E"
APD,2025-00103438,09/01/2025 08:52,Other,"S ARLINGTON ST/4TH AVE"
APD,2025-00103446,09/01/2025 09:54,Other,"1805 MANCHESTER RD"
APD,2025-00103449,09/01/2025 10:09,Vandalism,"1022 INDEPENDENCE AVE"
APD,2025-00103450,09/01/2025 10:09,Theft,"440 W MARKET ST"
APD,2025-00103453,09/01/2025 10:33,Suspicious Activity,"2462 TRIPLETT BLVD"
APD,2025-00103501,09/01/2025 10:48,Other,"2032 NEWTON ST"
APD,2025-00103463,09/01/2025 11:25,Theft,"1084 PEERLESS AVE"
APD,2025-00103468,09/01/2025 11:25,Other,"2525 WEDGEWOOD DR, SUITE/LOT 503"
APD,2025-00103464,09/01/2025 11:26,Domestic Incident,"556 CORA AVE"
APD,2025-00103474,09/01/2025 11:50,Suspicious Activity,"210 W MARKET ST"
APD,2025-00103480,09/01/2025 12:00,Theft,"444 GIBBS RD"
APD,2025-00103476,09/01/2025 12:00,Other,"880 JASON AVE"
APD,2025-00103489,09/01/2025 12:32,Other,"666 N HOWARD ST, SUITE/LOT 309"
APD,2025-00103499,09/01/2025 13:00,Vandalism,"575 LETCHWORTH DR"
APD,2025-00103623,09/01/2025 13:13,Theft,"708 THOREAU AVE"
APD,2025-00103526,09/01/2025 13:20,Domestic Incident,"1043 WEEHAWKEN PL"
APD,2025-00103516,09/01/2025 13:36,Domestic Incident,"2756 MOGADORE RD"
APD,2025-00103521,09/01/2025 13:50,Domestic Incident,"2931 PRISCILLA AVE"
APD,2025-00103523,09/01/2025 13:57,Vandalism,"863 ROCKY BROOK DR, SUITE/LOT A"
APD,2025-00103534,09/01/2025 14:11,Theft,"1629 HYDE PARK AVE"
APD,2025-00103536,09/01/2025 14:29,Theft,"1106 SAWYER AVE"
APD,2025-00103537,09/01/2025 14:32,Motor Vehicle Theft,"889 DELIA AVE"
APD,2025-00103538,09/01/2025 14:35,Domestic Incident,"1091 ERICSSON AVE"
APD,2025-00103586,09/01/2025 14:39,Vandalism,"1707 MOHAWK DR"
APD,2025-00103540,09/01/2025 14:50,Domestic Incident,"637 NOBLE AVE"
APD,2025-00103561,09/01/2025 15:22,Vandalism,"307 WATSON ST"
APD,2025-00103580,09/01/2025 16:18,Other,"20TH ST SW/KENMORE BLVD"
APD,2025-00103833,09/02/2025 05:14,Vandalism,"250 W MARKET ST"
APD,2025-00103844,09/02/2025 06:27,Theft,"891 JOSEPH AVE, SUITE/LOT A"
APD,2025-00103848,09/02/2025 06:39,Theft,"1218 BROWN ST"
APD,2025-00103855,09/02/2025 07:05,Other,"910 BEARDSLEY ST"
APD,2025-00103858,09/02/2025 07:51,Assault,"862 KEENEY ST"
APD,2025-00103859,09/02/2025 07:58,Stalking,"897 FESS AVE"
APD,2025-00103895,09/02/2025 07:58,Vandalism,"555 WOODVIEW DR"
APD,2025-00103894,09/02/2025 08:06,Theft,"1133 ALLENDALE AVE"
APD,2025-00103876,09/02/2025 08:52,Assault,"S MAIN ST/E STATE ST"
APD,2025-00103886,09/02/2025 08:59,Theft,"367 CROSBY ST"
APD,2025-00106153,09/07/2025 09:50,Assault,"596 GIBBS RD"
APD,2025-00106239,09/07/2025 10:55,Vandalism,"132 N SEIBERLING ST"
APD,2025-00106185,09/07/2025 11:01,Theft,"1571 S HAWKINS AVE"
APD,2025-00106196,09/07/2025 12:00,Vandalism,"1180 RENTAR LN, SUITE/LOT 506"
APD,2025-00108308,09/12/2025 00:27,Theft,"266 MADISON AVE"
APD,2025-00108958,09/13/2025 13:22,Burglary,"2417 EAST AVE"
APD,2025-00108953,09/13/2025 13:03,Homicide,"1263 SYLVAN AVE"
APD,2025-00109500,09/14/2025 21:38,Domestic Incident,"2515 25TH ST SW"
APD,2025-00109485,09/14/2025 21:43,Domestic Incident,"64 FORREST ST"
APD,2025-00109507,09/14/2025 22:29,Domestic Incident,"598 TREESIDE DR, SUITE/LOT B"
APD,2025-00109518,09/14/2025 23:11,Other,"[Address Missing]"
APD,2025-00115928,09/29/2025 09:32,Domestic Incident,"1828 AMBER HILLS DR, SUITE/LOT B"
APD,2025-00115909,09/29/2025 08:06,Theft,"1809 S ARLINGTON ST"
APD,2025-00115944,09/29/2025 09:55,Theft,"W EMERLING AVE/DIAMOND DR"
APD,2025-00115949,09/29/2025 10:20,Domestic Incident,"1796 W WATERFORD CT, SUITE/LOT 1412"
APD,2025-00115959,09/29/2025 10:59,Other,"470 CASTLE BLVD"
APD,2025-00115976,09/29/2025 11:27,Domestic Incident,"1335 SWEITZER AVE"
APD,2025-00115979,09/29/2025 11:34,Theft,"2540 SHORELINE DR, SUITE/LOT B7"
APD,2025-00116848,10/01/2025 00:08,Aggravated Assault,"730 FLEMING DR, SUITE/LOT A"
APD,2025-00116862,10/01/2025 01:12,Domestic Incident,"557 MADISON AVE"
APD,2025-00116870,10/01/2025 01:50,Domestic Incident,"7TH AVE/S ARLINGTON ST"
UAPD,2025-00006508,10/01/2025 02:51,Sexual Assault,"180 E EXCHANGE ST, SUITE/LOT 304"
APD,2025-00116893,10/01/2025 03:49,Suspicious Activity,"472 E WILBETH RD"
APD,2025-00116906,10/01/2025 05:21,Vandalism,"615 BROWN ST"
APD,2025-00116913,10/01/2025 06:49,Theft,"528 WILDWOOD AVE"
APD,2025-00116917,10/01/2025 06:57,Burglary,"585 E ARCHWOOD AVE"
APD,2025-00116846,09/30/2025 23:58,Domestic Incident,"913 WINTON AVE"
APD,2025-00116943,10/01/2025 08:29,Theft,"263 S MAIN ST, SUITE/LOT 309"
APD,2025-00116988,10/01/2025 10:49,Domestic Incident,"2507 PRIMEWOOD RD"
APD,2025-00117024,10/01/2025 12:09,Theft,"1537 BRITTAIN RD"
APD,2025-00117050,10/01/2025 13:29,Theft,"14 COLONIAL HILLS DR"
APD,2025-00118167,10/03/2025 18:47,Aggravated Assault,"477 WHITE POND DR, SUITE/LOT 304"
APD,2025-00118176,10/03/2025 19:15,Sexual Assault,"975 NEVIN ST"
APD,2025-00118179,10/03/2025 19:26,Theft,"1529 S MAIN ST"
APD,2025-00118182,10/03/2025 19:39,Assault,"GRANT ST/E SOUTH ST"
APD,2025-00109519,09/14/2025 23:15,Other,"2158 15TH ST SW"
APD,2025-00109535,09/15/2025 00:15,Homicide,"2400 BURNHAM RD"
APD,2025-00109538,09/15/2025 00:22,Arson,"1162 TONAWANDA AVE"
APD,2025-00115584,09/28/2025 13:11,Theft,"750 NOAH AVE"
APD,2025-00115587,09/28/2025 13:21,Theft,"962 HEREFORD DR"
APD,2025-00115587,09/28/2025 13:28,Assault,"962 HEREFORD DR"
APD,2025-00115593,09/28/2025 13:41,Theft,"967 HEREFORD DR"
APD,2025-00118491,10/04/2025 15:43,Other,"839 SARCEE AVE"
APD,2025-00118508,10/04/2025 16:02,Domestic Incident,"730 WALL ST"
APD,2025-00118530,10/04/2025 16:15,Other,"1189 ARNOLD AVE"
APD,2025-00118492,10/04/2025 16:22,Stalking,"309 WOOLF AVE"
APD,2025-00118505,10/04/2025 16:27,Domestic Incident,"548 FAIRFIELD AVE"
APD,2025-00118497,10/04/2025 16:33,Domestic Incident,"910 HEMLOCK HILLS DR"
APD,2025-00118515,10/04/2025 16:50,Suspicious Activity,"1172 HERBERICH AVE"
APD,2025-00118537,10/04/2025 16:59,Assault,"23 E EMERLING AVE"
APD,2025-00118520,10/04/2025 17:03,Suspicious Activity,"715 HOGUE AVE"
APD,2025-00118514,10/04/2025 17:04,Stalking,"930 MOELLER AVE"
APD,2025-00118762,10/05/2025 03:57,Assault,"778 GRANT ST"
APD,2025-00118768,10/05/2025 04:32,Domestic Incident,"324 BOWMANVILLE ST"
APD,2025-00118772,10/05/2025 04:52,Assault,"1230 VERNON ODOM BLVD"
APD,2025-00118773,10/05/2025 05:06,Other,"1078 EDMEYER CT"
APD,2025-00118777,10/05/2025 06:02,Burglary,"1485 E MARKET ST"
APD,2025-00118779,10/05/2025 06:34,Domestic Incident,"461 GRANT ST"
APD,2025-00118782,10/05/2025 06:42,Domestic Incident,"1934 PILGRIM ST"
APD,2025-00118793,10/05/2025 07:24,Motor Vehicle Theft,"480 S CANTON RD"
APD,2025-00118787,10/05/2025 07:55,Domestic Incident,"BEARDSLEY ST/STANTON AVE"
APD,2025-00118789,10/05/2025 08:05,Sexual Assault,"858 BAIRD ST"
APD,2025-00119007,10/05/2025 18:41,Theft,"1203 E MARKET ST"
APD,2025-00119013,10/05/2025 18:47,Domestic Incident,"950 MCKINLEY AVE"
APD,2025-00119010,10/05/2025 18:48,Domestic Incident,"1309 GRANT ST"
APD,2025-00119027,10/05/2025 19:30,Robbery,"829 STORER AVE"
APD,2025-00119029,10/05/2025 19:33,Other,"TRIPLETT BLVD/SYLVAN AVE"
APD,2025-00119042,10/05/2025 20:36,Assault,"127 TATE TER"
APD,2025-00119048,10/05/2025 20:54,Other,"EDMEYER CT/DAHLGREN DR"
APD,2025-00119053,10/05/2025 21:12,Domestic Incident,"115 DELLENBERGER AVE"
APD,2025-00119054,10/05/2025 21:21,Other,"106 BOTNICK PLZ"
APD,2025-00119059,10/05/2025 21:36,Assault,"973 KENMORE BLVD"
UAPD,25-0127,02/11/2025 16:55,Burglary,"234 TALLMADGE AVE"
APD,2025-00000128,02/12/2025 00:05,Domestic Incident,"567 INMAN ST"
APD,2025-00000129,02/12/2025 07:18,Sexual Assault,"890 MARKET ST"
APD,2025-00000130,02/12/2025 14:32,Other,"112 GOODYEAR BLVD"
APD,2025-00000131,02/13/2025 21:45,Stalking,"443 GRANT ST"
UAPD,25-0132,02/13/2025 04:58,Treason,"776 EXCHANGE ST"
APD,2025-00000133,02/13/2025 12:12,Theft,"334 KENMORE BLVD"
APD,2025-00000134,02/14/2025 19:25,Homicide,"667 HAWKINS AVE"
APD,2025-00000135,02/14/2025 02:38,Rape,"998 BUCHTEL AVE"
APD,2025-00000136,02/14/2025 09:50,Aggravated Assault,"121 EAST AVE"
UAPD,25-0137,02/15/2025 17:05,Theft,"543 MAIN ST"
APD,2025-00000138,02/15/2025 00:15,Arson,"876 BROWN ST"
APD,2025-00000139,02/15/2025 07:30,Vandalism,"213 WATERLOO RD"
APD,2025-00000140,02/16/2025 14:42,Motor Vehicle Theft,"654 STATE ST"
APD,2025-00000141,02/16/2025 21:58,Suspicious Activity,"987 ARLINGTON ST"
UAPD,25-0142,02/16/2025 05:10,Assault,"321 COPLEY RD"
APD,2025-00000143,02/17/2025 12:25,Robbery,"654 TALLMADGE AVE"
APD,2025-00000144,02/17/2025 19:35,Burglary,"901 INMAN ST"
APD,2025-00000145,02/17/2025 02:50,Domestic Incident,"234 MARKET ST"
APD,2025-00000146,02/18/2025 10:05,Sexual Assault,"567 GOODYEAR BLVD"
UAPD,25-0147,02/18/2025 17:18,Other,"890 GRANT ST"
APD,2025-00000148,02/18/2025 00:30,Stalking,"112 EXCHANGE ST"
APD,2025-00000149,02/19/2025 07:42,Treason,"443 KENMORE BLVD"
APD,2025-00000150,02/19/2025 14:55,Theft,"776 HAWKINS AVE"
APD,2025-00000151,02/19/2025 22:08,Homicide,"334 BUCHTEL AVE"
UAPD,25-0152,02/20/2025 05:20,Rape,"667 EAST AVE"
APD,2025-00000153,02/20/2025 12:35,Aggravated Assault,"998 MAIN ST"
APD,2025-00000154,02/20/2025 19:45,Theft,"121 BROWN ST"
APD,2025-00000155,02/21/2025 03:00,Arson,"543 WATERLOO RD"
APD,2025-00000156,02/21/2025 10:12,Vandalism,"876 STATE ST"
UAPD,25-0157,02/21/2025 17:25,Motor Vehicle Theft,"213 ARLINGTON ST"
APD,2025-00000158,02/22/2025 00:38,Suspicious Activity,"654 COPLEY RD"
APD,2025-00000159,02/22/2025 07:50,Assault,"987 TALLMADGE AVE"
APD,2025-00000160,02/22/2025 15:05,Robbery,"321 INMAN ST"
APD,2025-00000161,02/23/2025 22:15,Burglary,"654 MARKET ST"
UAPD,25-0162,02/23/2025 05:28,Domestic Incident,"901 GOODYEAR BLVD"
APD,2025-00000163,02/23/2025 12:40,Sexual Assault,"234 GRANT ST"
APD,2025-00000164,02/24/2025 19:55,Other,"567 EXCHANGE ST"
APD,2025-00000165,02/24/2025 03:08,Stalking,"890 KENMORE BLVD"
APD,2025-00000166,02/24/2025 10:20,Treason,"112 HAWKINS AVE"
UAPD,25-0167,02/25/2025 17:32,Kidnapping,"443 BUCHTEL AVE"
APD,2025-00000168,02/25/2025 00:45,Homicide,"776 EAST AVE"
APD,2025-00000169,02/25/2025 08:00,Rape,"334 MAIN ST"
APD,2025-00000170,02/26/2025 15:12,Aggravated Assault,"667 BROWN ST"
APD,2025-00000171,02/26/2025 22:25,Theft,"998 WATERLOO RD"
UAPD,25-0172,02/26/2025 05:38,Arson,"121 STATE ST"
APD,2025-00000173,02/27/2025 12:50,Vandalism,"543 ARLINGTON ST"
APD,2025-00000174,02/27/2025 20:05,Motor Vehicle Theft,"876 COPLEY RD"
APD,2025-00000175,02/27/2025 03:18,Suspicious Activity,"213 TALLMADGE AVE"
APD,2025-00000176,02/28/2025 10:30,Assault,"654 INMAN ST"
UAPD,25-0177,02/28/2025 17:45,Robbery,"987 MARKET ST"
APD,2025-00000178,03/01/2025 00:55,Burglary,"321 GOODYEAR BLVD"
APD,2025-00000179,03/01/2025 08:10,Domestic Incident,"654 GRANT ST"
APD,2025-00000180,03/01/2025 15:22,Sexual Assault,"901 EXCHANGE ST"
APD,2025-00000181,03/02/2025 22:35,Other,"234 KENMORE BLVD"
UAPD,25-0182,03/02/2025 05:48,Stalking,"567 HAWKINS AVE"
APD,2025-00000183,03/02/2025 13:00,Treason,"890 BUCHTEL AVE"
APD,2025-00000184,03/03/2025 20:12,Kidnapping,"112 EAST AVE"
APD,2025-00000185,03/03/2025 03:25,Homicide,"443 MAIN ST"
APD,2025-00000186,03/03/2025 10:38,Rape,"776 BROWN ST"
UAPD,25-0187,03/04/2025 17:50,Aggravated Assault,"334 WATERLOO RD"
APD,2025-00000188,03/04/2025 01:05,Theft,"667 STATE ST"
APD,2025-00000189,03/04/2025 08:15,Arson,"998 ARLINGTON ST"
APD,2025-00000190,03/05/2025 15:28,Vandalism,"121 COPLEY RD"
APD,2025-00000191,03/05/2025 22:40,Motor Vehicle Theft,"543 TALLMADGE AVE"
UAPD,25-0192,03/05/2025 05:55,Suspicious Activity,"876 INMAN ST"
APD,2025-00000193,03/06/2025 13:08,Assault,"213 MARKET ST"
APD,2025-00000194,03/06/2025 20:20,Robbery,"654 GOODYEAR BLVD"
APD,2025-00000195,03/06/2025 03:32,Burglary,"987 GRANT ST"
APD,2025-00000196,03/07/2025 10:45,Domestic Incident,"321 EXCHANGE ST"
UAPD,25-0197,03/07/2025 17:58,Sexual Assault,"654 KENMORE BLVD"
APD,2025-00000198,03/07/2025 01:10,Other,"901 HAWKINS AVE"
APD,2025-00000199,03/08/2025 08:22,Stalking,"234 BUCHTEL AVE"
APD,2025-00000200,03/08/2025 15:35,Treason,"567 EAST AVE"
APD,2025-00000201,03/08/2025 22:48,Burglary,"890 MAIN ST"
UAPD,25-0202,03/09/2025 06:00,Homicide,"112 BROWN ST"
APD,2025-00000203,03/09/2025 13:12,Rape,"443 WATERLOO RD"
APD,2025-00000204,03/09/2025 20:25,Aggravated Assault,"776 STATE ST"
APD,2025-00000205,03/10/2025 03:38,Theft,"334 ARLINGTON ST"
APD,2025-00000206,03/10/2025 10:50,Arson,"667 COPLEY RD"
UAPD,25-0207,03/10/2025 18:05,Vandalism,"998 TALLMADGE AVE"
APD,2025-00000208,03/11/2025 01:18,Motor Vehicle Theft,"121 INMAN ST"
APD,2025-00000209,03/11/2025 08:30,Suspicious Activity,"543 MARKET ST"
APD,2025-00000210,03/11/2025 15:42,Assault,"876 GOODYEAR BLVD"
APD,2025-00000211,03/12/2025 22:55,Robbery,"213 GRANT ST"
UAPD,25-0212,03/12/2025 06:08,Burglary,"654 EXCHANGE ST"
APD,2025-00000213,03/12/2025 13:20,Domestic Incident,"987 KENMORE BLVD"
APD,2025-00000214,03/13/2025 20:32,Sexual Assault,"321 HAWKINS AVE"
APD,2025-00000215,03/13/2025 03:45,Other,"654 BUCHTEL AVE"
APD,2025-00000216,03/13/2025 10:58,Stalking,"901 EAST AVE"
UAPD,25-0217,03/14/2025 18:10,Treason,"234 MAIN ST"
APD,2025-00000218,03/14/2025 01:25,Burglary,"567 BROWN ST"
APD,2025-00000219,03/14/2025 08:38,Homicide,"890 WATERLOO RD"
APD,2025-00000220,03/15/2025 15:50,Rape,"112 STATE ST"
APD,2025-00000221,03/15/2025 23:02,Aggravated Assault,"443 ARLINGTON ST"
UAPD,25-0222,03/15/2025 06:15,Theft,"776 COPLEY RD"
APD,2025-00000223,03/16/2025 13:28,Arson,"334 TALLMADGE AVE"
APD,2025-00000224,03/16/2025 20:40,Vandalism,"667 INMAN ST"
APD,2025-00000225,03/16/2025 03:52,Motor Vehicle Theft,"998 MARKET ST"
APD,2025-00000226,03/17/2025 11:05,Suspicious Activity,"121 GOODYEAR BLVD"
UAPD,25-0227,03/17/2025 18:18,Assault,"543 GRANT ST"
APD,2025-00000228,03/17/2025 01:30,Robbery,"876 EXCHANGE ST"
APD,2025-00000229,03/18/2025 08:42,Burglary,"213 KENMORE BLVD"
APD,2025-00000230,03/18/2025 15:55,Domestic Incident,"654 HAWKINS AVE"
APD,2025-00000231,03/18/2025 23:08,Sexual Assault,"987 BUCHTEL AVE"
UAPD,25-0232,03/19/2025 06:20,Other,"321 EAST AVE"
APD,2025-00000233,03/19/2025 13:32,Stalking,"654 MAIN ST"
APD,2025-00000234,03/19/2025 20:45,Treason,"901 BROWN ST"
APD,2025-00000235,03/20/2025 03:58,Burglary,"234 WATERLOO RD"
APD,2025-00000236,03/20/2025 11:10,Homicide,"567 STATE ST"
UAPD,25-0237,03/20/2025 18:22,Rape,"890 ARLINGTON ST"
APD,2025-00000238,03/21/2025 01:35,Aggravated Assault,"112 COPLEY RD"
APD,2025-00000239,03/21/2025 08:48,Theft,"443 TALLMADGE AVE"
APD,2025-00000240,03/21/2025 16:00,Arson,"776 INMAN ST"
APD,2025-00000241,03/22/2025 23:12,Vandalism,"334 MARKET ST"
UAPD,25-0242,03/22/2025 06:25,Motor Vehicle Theft,"667 GOODYEAR BLVD"
APD,2025-00000243,03/22/2025 13:38,Suspicious Activity,"998 GRANT ST"
APD,2025-00000244,03/23/2025 20:50,Assault,"121 EXCHANGE ST"
APD,2025-00000245,03/23/2025 04:02,Robbery,"543 KENMORE BLVD"
APD,2025-00000246,03/23/2025 11:15,Burglary,"876 HAWKINS AVE"
UAPD,25-0247,03/24/2025 18:28,Domestic Incident,"213 BUCHTEL AVE"
APD,2025-00000248,03/24/2025 01:40,Sexual Assault,"654 EAST AVE"
APD,2025-00000249,03/24/2025 08:52,Other,"987 MAIN ST"
APD,2025-00000250,03/25/2025 16:05,Stalking,"321 BROWN ST"
APD,2025-00000251,03/25/2025 23:18,Treason,"654 WATERLOO RD"
UAPD,25-0252,03/26/2025 06:30,Kidnapping,"901 STATE ST"
APD,2025-00000253,03/26/2025 13:42,Homicide,"234 ARLINGTON ST"
APD,2025-00000254,03/26/2025 20:55,Rape,"567 COPLEY RD"
APD,2025-00000255,03/27/2025 04:08,Aggravated Assault,"890 TALLMADGE AVE"
APD,2025-00000256,03/27/2025 11:20,Theft,"112 INMAN ST"
UAPD,25-0257,03/27/2025 18:32,Arson,"443 MARKET ST"
APD,2025-00000258,03/28/2025 01:45,Vandalism,"776 GOODYEAR BLVD"
APD,2025-00000259,03/28/2025 08:58,Motor Vehicle Theft,"334 GRANT ST"
APD,2025-00000260,03/28/2025 16:10,Suspicious Activity,"667 EXCHANGE ST"
APD,2025-00000261,03/28/2025 23:22,Assault,"998 KENMORE BLVD"
UAPD,25-0262,03/29/2025 06:35,Robbery,"121 HAWKINS AVE"
APD,2025-00000263,03/29/2025 13:48,Burglary,"543 BUCHTEL AVE"
APD,2025-00000264,03/29/2025 21:00,Domestic Incident,"876 EAST AVE"
APD,2025-00000265,03/30/2025 04:12,Sexual Assault,"213 MAIN ST"
APD,2025-00000266,03/30/2025 11:25,Other,"654 BROWN ST"
UAPD,25-0267,03/30/2025 18:38,Stalking,"987 WATERLOO RD"
APD,2025-00000268,03/31/2025 01:50,Treason,"321 STATE ST"
APD,2025-00000269,03/31/2025 09:02,Kidnapping,"654 ARLINGTON ST"
APD,2025-00000270,03/31/2025 16:15,Homicide,"901 COPLEY RD"
APD,2025-00000271,04/01/2025 23:28,Rape,"234 TALLMADGE AVE"
UAPD,25-0272,04/02/2025 06:40,Aggravated Assault,"567 INMAN ST"
APD,2025-00000273,04/02/2025 13:52,Theft,"890 MARKET ST"
APD,2025-00000274,04/02/2025 21:05,Arson,"112 GOODYEAR BLVD"
APD,2025-00000275,04/03/2025 04:18,Vandalism,"443 GRANT ST"
APD,2025-00000276,04/03/2025 11:30,Motor Vehicle Theft,"776 EXCHANGE ST"
UAPD,25-0277,04/03/2025 18:42,Suspicious Activity,"334 KENMORE BLVD"
APD,2025-00000278,04/04/2025 01:55,Assault,"667 HAWKINS AVE"
APD,2025-00000279,04/04/2025 09:08,Robbery,"998 BUCHTEL AVE"
APD,2025-00000280,04/04/2025 16:20,Burglary,"121 EAST AVE"
APD,2025-00000281,04/04/2025 23:32,Domestic Incident,"543 MAIN ST"
UAPD,25-0282,04/05/2025 06:45,Sexual Assault,"876 BROWN ST"
APD,2025-00000283,04/05/2025 13:58,Other,"213 WATERLOO RD"
APD,2025-00000284,04/05/2025 21:10,Stalking,"654 STATE ST"
APD,2025-00000285,04/06/2025 04:22,Treason,"987 ARLINGTON ST"
APD,2025-00000286,04/06/2025 11:35,Kidnapping,"321 COPLEY RD"
UAPD,25-0287,04/06/2025 18:48,Homicide,"654 TALLMADGE AVE"
APD,2025-00000288,04/07/2025 02:00,Rape,"901 INMAN ST"
APD,2025-00000289,04/07/2025 09:12,Aggravated Assault,"234 MARKET ST"
APD,2025-00000290,04/07/2025 16:25,Theft,"567 GOODYEAR BLVD"
APD,2025-00000291,04/07/2025 23:38,Arson,"890 GRANT ST"
UAPD,25-0292,04/08/2025 06:50,Vandalism,"112 EXCHANGE ST"
APD,2025-00000293,04/08/2025 14:02,Motor Vehicle Theft,"443 KENMORE BLVD"
APD,2025-00000294,04/08/2025 21:15,Suspicious Activity,"776 HAWKINS AVE"
APD,2025-00000295,04/09/2025 04:28,Assault,"334 BUCHTEL AVE"
APD,2025-00000296,04/09/2025 11:40,Robbery,"667 EAST AVE"
UAPD,25-0297,04/09/2025 18:52,Burglary,"998 MAIN ST"
APD,2025-00000298,04/10/2025 02:05,Domestic Incident,"121 BROWN ST"
APD,2025-00000299,04/10/2025 09:18,Sexual Assault,"543 WATERLOO RD"
APD,2025-00000300,04/10/2025 16:30,Other,"876 STATE ST"
APD,2025-00000301,04/10/2025 23:42,Stalking,"213 ARLINGTON ST"
UAPD,25-0302,04/11/2025 06:55,Treason,"654 COPLEY RD"
APD,2025-00000303,04/11/2025 14:08,Kidnapping,"987 TALLMADGE AVE"
APD,2025-00000304,04/11/2025 21:20,Homicide,"321 INMAN ST"
APD,2025-00000305,04/12/2025 04:32,Rape,"654 MARKET ST"
APD,2025-00000306,04/12/2025 11:45,Aggravated Assault,"901 GOODYEAR BLVD"
UAPD,25-0307,04/12/2025 18:58,Theft,"234 GRANT ST"
APD,2025-00000308,04/13/2025 02:10,Arson,"567 EXCHANGE ST"
APD,2025-00000309,04/13/2025 09:22,Vandalism,"890 KENMORE BLVD"
APD,2025-00000310,04/13/2025 16:35,Motor Vehicle Theft,"112 HAWKINS AVE"
APD,2025-00000311,04/13/2025 23:48,Suspicious Activity,"443 BUCHTEL AVE"
UAPD,25-0312,04/14/2025 07:00,Assault,"776 EAST AVE"
APD,2025-00000313,04/14/2025 14:12,Robbery,"334 MAIN ST"
APD,2025-00000314,04/14/2025 21:25,Burglary,"667 BROWN ST"
APD,2025-00000315,04/15/2025 04:38,Domestic Incident,"998 WATERLOO RD"
APD,2025-00000316,04/15/2025 11:50,Sexual Assault,"121 STATE ST"
UAPD,25-0317,04/15/2025 19:02,Other,"543 ARLINGTON ST"
APD,2025-00000318,04/16/2025 02:15,Stalking,"876 COPLEY RD"
APD,2025-00000319,04/16/2025 09:28,Treason,"213 TALLMADGE AVE"
APD,2025-00000320,04/16/2025 16:40,Kidnapping,"654 INMAN ST"
APD,2025-00000321,04/16/2025 23:52,Homicide,"987 MARKET ST"
UAPD,25-0322,04/17/2025 07:05,Rape,"321 GOODYEAR BLVD"
APD,2025-00000323,04/17/2025 14:18,Aggravated Assault,"654 GRANT ST"
APD,2025-00000324,04/17/2025 21:30,Theft,"901 EXCHANGE ST"
APD,2025-00000325,04/18/2025 04:42,Arson,"234 KENMORE BLVD"
APD,2025-00000326,04/18/2025 11:55,Vandalism,"567 HAWKINS AVE"
UAPD,25-0327,04/18/2025 19:08,Motor Vehicle Theft,"890 BUCHTEL AVE"
APD,2025-00000328,04/19/2025 02:20,Suspicious Activity,"112 EAST AVE"
APD,2025-00000329,04/19/2025 09:32,Assault,"443 MAIN ST"
APD,2025-00000330,04/19/2025 16:45,Robbery,"776 BROWN ST"
APD,2025-00000331,04/19/2025 23:58,Burglary,"334 WATERLOO RD"
UAPD,25-0332,04/20/2025 07:10,Domestic Incident,"667 STATE ST"
APD,2025-00000333,04/20/2025 14:22,Sexual Assault,"998 ARLINGTON ST"
APD,2025-00000334,04/20/2025 21:35,Other,"121 COPLEY RD"
APD,2025-00000335,04/21/2025 04:48,Stalking,"543 TALLMADGE AVE"
APD,2025-00000336,04/21/2025 12:00,Treason,"876 INMAN ST"
UAPD,25-0337,04/21/2025 19:12,Kidnapping,"213 MARKET ST"
APD,2025-00000338,04/22/2025 02:25,Homicide,"654 GOODYEAR BLVD"
APD,2025-00000339,04/22/2025 09:38,Rape,"987 GRANT ST"
APD,2025-00000340,04/22/2025 16:50,Aggravated Assault,"321 EXCHANGE ST"
APD,2025-00000341,04/23/2025 00:02,Theft,"654 KENMORE BLVD"
UAPD,25-0342,04/23/2025 07:15,Arson,"901 HAWKINS AVE"
APD,2025-00000343,04/23/2025 14:28,Vandalism,"234 BUCHTEL AVE"
APD,2025-00000344,04/23/2025 21:40,Motor Vehicle Theft,"567 EAST AVE"
APD,2025-00000345,04/24/2025 04:52,Suspicious Activity,"890 MAIN ST"
APD,2025-00000346,04/24/2025 12:05,Assault,"112 BROWN ST"
UAPD,25-0347,04/24/2025 19:18,Robbery,"443 WATERLOO RD"
APD,2025-00000348,04/25/2025 02:30,Burglary,"776 STATE ST"
APD,2025-00000349,04/25/2025 09:42,Domestic Incident,"334 ARLINGTON ST"
APD,2025-00000350,04/25/2025 16:55,Sexual Assault,"667 COPLEY RD"
APD,2025-00000351,04/26/2025 00:08,Other,"998 TALLMADGE AVE"
UAPD,25-0352,04/26/2025 07:20,Stalking,"121 INMAN ST"
APD,2025-00000353,04/26/2025 14:32,Treason,"543 MARKET ST"
APD,2025-00000354,04/26/2025 21:45,Kidnapping,"876 GOODYEAR BLVD"
APD,2025-00000355,04/27/2025 04:58,Homicide,"213 GRANT ST"
APD,2025-00000356,04/27/2025 12:10,Rape,"654 EXCHANGE ST"
UAPD,25-0357,04/27/2025 19:22,Aggravated Assault,"987 KENMORE BLVD"
APD,2025-00000358,04/28/2025 02:35,Theft,"321 HAWKINS AVE"
APD,2025-00000359,04/28/2025 09:48,Arson,"654 BUCHTEL AVE"
APD,2025-00000360,04/28/2025 17:00,Vandalism,"901 EAST AVE"
APD,2025-00000361,04/29/2025 00:12,Motor Vehicle Theft,"234 MAIN ST"
UAPD,25-0362,04/29/2025 07:25,Suspicious Activity,"567 BROWN ST"
APD,2025-00000363,04/29/2025 14:38,Assault,"890 WATERLOO RD"
APD,2025-00000364,04/29/2025 21:50,Robbery,"112 STATE ST"
APD,2025-00000365,04/30/2025 05:02,Burglary,"443 ARLINGTON ST"
APD,2025-00000366,04/30/2025 12:15,Domestic Incident,"776 COPLEY RD"
UAPD,25-0367,04/30/2025 19:28,Sexual Assault,"334 TALLMADGE AVE"
APD,2025-00000368,05/01/2025 02:40,Other,"667 INMAN ST"
APD,2025-00000369,05/01/2025 09:52,Stalking,"998 MARKET ST"
APD,2025-00000370,05/01/2025 17:05,Treason,"121 GOODYEAR BLVD"
APD,2025-00000371,05/02/2025 00:18,Kidnapping,"543 GRANT ST"
UAPD,25-0372,05/02/2025 07:30,Homicide,"876 EXCHANGE ST"
APD,2025-00000373,05/02/2025 14:42,Rape,"213 KENMORE BLVD"
APD,2025-00000374,05/02/2025 21:55,Aggravated Assault,"654 HAWKINS AVE"
APD,2025-00000375,05/03/2025 05:08,Theft,"987 BUCHTEL AVE"
APD,2025-00000376,05/03/2025 12:20,Arson,"321 EAST AVE"
UAPD,25-0377,05/03/2025 19:32,Vandalism,"654 MAIN ST"
APD,2025-00000378,05/04/2025 02:45,Motor Vehicle Theft,"901 BROWN ST"
APD,2025-00000379,05/04/2025 09:58,Suspicious Activity,"234 WATERLOO RD"
APD,2025-00000380,05/04/2025 17:10,Assault,"567 STATE ST"
APD,2025-00000381,05/05/2025 00:22,Robbery,"890 ARLINGTON ST"
UAPD,25-0382,05/05/2025 07:35,Burglary,"112 COPLEY RD"
APD,2025-00000383,05/05/2025 14:48,Domestic Incident,"443 TALLMADGE AVE"
APD,2025-00000384,05/05/2025 22:00,Sexual Assault,"776 INMAN ST"
APD,2025-00000385,05/06/2025 05:12,Other,"334 MARKET ST"
APD,2025-00000386,05/06/2025 12:25,Stalking,"667 GOODYEAR BLVD"
UAPD,25-0387,05/06/2025 19:38,Treason,"998 GRANT ST"
APD,2025-00000388,05/07/2025 02:50,Kidnapping,"121 EXCHANGE ST"
APD,2025-00000389,05/07/2025 10:02,Homicide,"543 KENMORE BLVD"
APD,2025-00000390,05/07/2025 17:15,Rape,"876 HAWKINS AVE"
APD,2025-00000391,05/08/2025 00:28,Aggravated Assault,"213 BUCHTEL AVE"
UAPD,25-0392,05/08/2025 07:40,Theft,"654 EAST AVE"
APD,2025-00000393,05/08/2025 14:52,Arson,"987 MAIN ST"
APD,2025-00000394,05/08/2025 22:05,Vandalism,"321 BROWN ST"
APD,2025-00000395,05/09/2025 05:18,Motor Vehicle Theft,"654 WATERLOO RD"
APD,2025-00000396,05/09/2025 12:30,Suspicious Activity,"901 STATE ST"
UAPD,25-0397,05/09/2025 19:42,Assault,"234 ARLINGTON ST"
APD,2025-00000398,05/10/2025 02:55,Robbery,"567 COPLEY RD"
APD,2025-00000399,05/10/2025 10:08,Burglary,"890 TALLMADGE AVE"
APD,2025-00000400,05/10/2025 17:20,Domestic Incident,"112 INMAN ST"
APD,2025-00000401,05/11/2025 00:32,Sexual Assault,"443 MARKET ST"
UAPD,25-0402,05/11/2025 07:45,Other,"776 GOODYEAR BLVD"
APD,2025-00000403,05/11/2025 14:58,Stalking,"334 GRANT ST"
APD,2025-00000404,05/11/2025 22:10,Treason,"667 EXCHANGE ST"
APD,2025-00000405,05/12/2025 05:22,Kidnapping,"998 KENMORE BLVD"
APD,2025-00000406,05/12/2025 12:35,Homicide,"121 HAWKINS AVE"
UAPD,25-0407,05/12/2025 19:48,Rape,"543 BUCHTEL AVE"
APD,2025-00000408,05/13/2025 03:00,Aggravated Assault,"876 EAST AVE"
APD,2025-00000409,05/13/2025 10:12,Theft,"213 MAIN ST"
APD,2025-00000410,05/13/2025 17:25,Arson,"654 BROWN ST"
APD,2025-00000411,05/14/2025 00:38,Vandalism,"987 WATERLOO RD"
UAPD,25-0412,05/14/2025 07:50,Motor Vehicle Theft,"321 STATE ST"
APD,2025-00000413,05/14/2025 15:02,Suspicious Activity,"654 ARLINGTON ST"
APD,2025-00000414,05/14/2025 22:15,Assault,"901 COPLEY RD"
APD,2025-00000415,05/15/2025 05:28,Robbery,"234 TALLMADGE AVE"
APD,2025-00000416,05/15/2025 12:40,Burglary,"567 INMAN ST"
UAPD,25-0417,05/15/2025 19:52,Domestic Incident,"890 MARKET ST"
APD,2025-00000418,05/16/2025 03:05,Sexual Assault,"112 GOODYEAR BLVD"
APD,2025-00000419,05/16/2025 10:18,Other,"443 GRANT ST"
APD,2025-00000420,05/16/2025 17:30,Stalking,"776 EXCHANGE ST"
APD,2025-00000421,05/17/2025 00:42,Treason,"334 KENMORE BLVD"
UAPD,25-0422,05/17/2025 07:55,Theft,"667 HAWKINS AVE"
APD,2025-00000423,05/17/2025 15:08,Homicide,"998 BUCHTEL AVE"
APD,2025-00000424,05/17/2025 22:20,Rape,"121 EAST AVE"
APD,2025-00000425,05/18/2025 05:32,Aggravated Assault,"543 MAIN ST"
APD,2025-00000426,05/18/2025 12:45,Theft,"876 BROWN ST"
UAPD,25-0427,05/18/2025 19:58,Arson,"213 WATERLOO RD"
APD,2025-00000428,05/19/2025 03:10,Vandalism,"654 STATE ST"
APD,2025-00000429,05/19/2025 10:22,Motor Vehicle Theft,"987 ARLINGTON ST"
APD,2025-00000430,05/19/2025 17:35,Suspicious Activity,"321 COPLEY RD"
APD,2025-00000431,05/20/2025 00:48,Assault,"654 TALLMADGE AVE"
UAPD,25-0432,05/20/2025 08:00,Robbery,"901 INMAN ST"
APD,2025-00000433,05/20/2025 15:12,Burglary,"234 MARKET ST"
APD,2025-00000434,05/20/2025 22:25,Domestic Incident,"567 GOODYEAR BLVD"
APD,2025-00000435,05/21/2025 05:38,Sexual Assault,"890 GRANT ST"
APD,2025-00000436,05/21/2025 12:50,Other,"112 EXCHANGE ST"
UAPD,25-0437,05/21/2025 20:02,Stalking,"443 KENMORE BLVD"
APD,2025-00000438,05/22/2025 03:15,Treason,"776 HAWKINS AVE"
APD,2025-00000439,05/22/2025 10:28,Theft,"334 BUCHTEL AVE"
APD,2025-00000440,05/22/2025 17:40,Homicide,"667 EAST AVE"
APD,2025-00000441,05/23/2025 00:52,Rape,"998 MAIN ST"
UAPD,25-0442,05/23/2025 08:05,Aggravated Assault,"121 BROWN ST"
APD,2025-00000443,05/23/2025 15:18,Theft,"543 WATERLOO RD"
APD,2025-00000444,05/23/2025 22:30,Arson,"876 STATE ST"
APD,2025-00000445,05/24/2025 05:42,Vandalism,"213 ARLINGTON ST"
APD,2025-00000446,05/24/2025 12:55,Motor Vehicle Theft,"654 COPLEY RD"
UAPD,25-0447,05/24/2025 20:08,Suspicious Activity,"987 TALLMADGE AVE"
APD,2025-00000448,05/25/2025 03:20,Assault,"321 INMAN ST"
APD,2025-00000449,05/25/2025 10:32,Robbery,"654 MARKET ST"
APD,2025-00000450,05/25/2025 17:45,Burglary,"901 GOODYEAR BLVD"
APD,2025-00000451,05/26/2025 00:58,Domestic Incident,"234 GRANT ST"
UAPD,25-0452,05/26/2025 08:10,Sexual Assault,"567 EXCHANGE ST"
APD,2025-00000453,05/26/2025 15:22,Other,"890 KENMORE BLVD"
APD,2025-00000454,05/26/2025 22:35,Stalking,"112 HAWKINS AVE"
APD,2025-00000455,05/27/2025 05:48,Treason,"443 BUCHTEL AVE"
APD,2025-00000456,05/27/2025 13:00,Theft,"776 EAST AVE"
UAPD,25-0457,05/27/2025 20:12,Homicide,"334 MAIN ST"
APD,2025-00000458,05/28/2025 03:25,Rape,"667 BROWN ST"
APD,2025-00000459,05/28/2025 10:38,Aggravated Assault,"998 WATERLOO RD"
APD,2025-00000460,05/28/2025 17:50,Theft,"121 STATE ST"
APD,2025-00000461,05/29/2025 01:02,Arson,"543 ARLINGTON ST"
UAPD,25-0462,05/29/2025 08:15,Vandalism,"876 COPLEY RD"
APD,2025-00000463,05/29/2025 15:28,Motor Vehicle Theft,"213 TALLMADGE AVE"
APD,2025-00000464,05/29/2025 22:40,Suspicious Activity,"654 INMAN ST"
APD,2025-00000465,05/30/2025 05:52,Assault,"987 MARKET ST"
APD,2025-00000466,05/30/2025 13:05,Robbery,"321 GOODYEAR BLVD"
UAPD,25-0467,05/30/2025 20:18,Burglary,"654 GRANT ST"
APD,2025-00000468,05/31/2025 03:30,Domestic Incident,"901 EXCHANGE ST"
APD,2025-00000469,05/31/2025 10:42,Sexual Assault,"234 KENMORE BLVD"
APD,2025-00000470,05/31/2025 17:55,Other,"567 HAWKINS AVE"
APD,2025-00000471,06/01/2025 01:08,Stalking,"890 BUCHTEL AVE"
UAPD,25-0472,06/01/2025 08:20,Treason,"112 EAST AVE"
APD,2025-00000473,06/01/2025 15:32,Theft,"443 MAIN ST"
APD,2025-00000474,06/01/2025 22:45,Homicide,"776 BROWN ST"
APD,2025-00000475,06/02/2025 05:58,Rape,"334 WATERLOO RD"
APD,2025-00000476,06/02/2025 13:10,Aggravated Assault,"667 STATE ST"
UAPD,25-0477,06/02/2025 20:22,Theft,"998 ARLINGTON ST"
APD,2025-00000478,06/03/2025 03:35,Arson,"121 COPLEY RD"
APD,2025-00000479,06/03/2025 10:48,Vandalism,"543 TALLMADGE AVE"
APD,2025-00000480,06/03/2025 18:00,Motor Vehicle Theft,"876 INMAN ST"
APD,2025-00000481,06/04/2025 01:12,Suspicious Activity,"213 MARKET ST"
UAPD,25-0482,06/04/2025 08:25,Assault,"654 GOODYEAR BLVD"
APD,2025-00000483,06/04/2025 15:38,Robbery,"987 GRANT ST"
APD,2025-00000484,06/04/2025 22:50,Burglary,"321 EXCHANGE ST"
APD,2025-00000485,06/05/2025 06:02,Domestic Incident,"654 KENMORE BLVD"
APD,2025-00000486,06/05/2025 13:15,Sexual Assault,"901 HAWKINS AVE"
UAPD,25-0487,06/05/2025 20:28,Other,"234 BUCHTEL AVE"
APD,2025-00000488,06/06/2025 03:40,Stalking,"567 EAST AVE"
APD,2025-00000489,06/06/2025 10:52,Treason,"890 MAIN ST"
APD,2025-00000490,06/06/2025 18:05,Theft,"112 BROWN ST"
APD,2025-00000491,06/07/2025 01:18,Homicide,"443 WATERLOO RD"
UAPD,25-0492,06/07/2025 08:30,Rape,"776 STATE ST"
APD,2025-00000493,06/07/2025 15:42,Aggravated Assault,"334 ARLINGTON ST"
APD,2025-00000494,06/07/2025 22:55,Theft,"667 COPLEY RD"
APD,2025-00000495,06/08/2025 06:08,Arson,"998 TALLMADGE AVE"
APD,2025-00000496,06/08/2025 13:20,Vandalism,"121 INMAN ST"
UAPD,25-0497,06/08/2025 20:32,Motor Vehicle Theft,"543 MARKET ST"
APD,2025-00000498,06/09/2025 03:45,Suspicious Activity,"876 GOODYEAR BLVD"
APD,2025-00000499,06/09/2025 10:58,Assault,"213 GRANT ST"
APD,2025-00000500,06/09/2025 18:10,Robbery,"654 EXCHANGE ST"
APD,2025-00000501,06/10/2025 01:22,Burglary,"987 KENMORE BLVD"
UAPD,25-0502,06/10/2025 08:35,Domestic Incident,"321 HAWKINS AVE"
APD,2025-00000503,06/10/2025 15:48,Sexual Assault,"654 BUCHTEL AVE"
APD,2025-00000504,06/10/2025 23:00,Other,"901 EAST AVE"
APD,2025-00000505,06/11/2025 06:12,Stalking,"234 MAIN ST"
APD,2025-00000506,06/11/2025 13:25,Treason,"567 BROWN ST"
UAPD,25-0507,06/11/2025 20:38,Theft,"890 WATERLOO RD"
APD,2025-00000508,06/12/2025 03:50,Homicide,"112 STATE ST"
APD,2025-00000509,06/12/2025 11:02,Rape,"443 ARLINGTON ST"
APD,2025-00000510,06/12/2025 18:15,Aggravated Assault,"776 COPLEY RD"
APD,2025-00000511,06/13/2025 01:28,Theft,"334 TALLMADGE AVE"
UAPD,25-0512,06/13/2025 08:40,Arson,"667 INMAN ST"
APD,2025-00000513,06/13/2025 15:52,Vandalism,"998 MARKET ST"
APD,2025-00000514,06/13/2025 23:05,Motor Vehicle Theft,"121 GOODYEAR BLVD"
APD,2025-00000515,06/14/2025 06:18,Suspicious Activity,"543 GRANT ST"
APD,2025-00000516,06/14/2025 13:30,Assault,"876 EXCHANGE ST"
UAPD,25-0517,06/14/2025 20:42,Robbery,"213 KENMORE BLVD"
APD,2025-00000518,06/15/2025 03:55,Burglary,"654 HAWKINS AVE"
APD,2025-00000519,06/15/2025 11:08,Domestic Incident,"987 BUCHTEL AVE"
APD,2025-00000520,06/15/2025 18:20,Sexual Assault,"321 EAST AVE"
APD,2025-00000521,06/16/2025 01:32,Other,"654 MAIN ST"
UAPD,25-0522,06/16/2025 08:45,Stalking,"901 BROWN ST"
APD,2025-00000523,06/16/2025 15:58,Treason,"234 WATERLOO RD"
APD,2025-00000524,06/16/2025 23:10,Theft,"567 STATE ST"
APD,2025-00000525,06/17/2025 06:22,Homicide,"890 ARLINGTON ST"
APD,2025-00000526,06/17/2025 13:35,Rape,"112 COPLEY RD"
UAPD,25-0527,06/17/2025 20:48,Aggravated Assault,"443 TALLMADGE AVE"
APD,2025-00000528,06/18/2025 04:00,Theft,"776 INMAN ST"
APD,2025-00000529,06/18/2025 11:12,Arson,"334 MARKET ST"
APD,2025-00000530,06/18/2025 18:25,Vandalism,"667 GOODYEAR BLVD"
APD,2025-00000531,06/19/2025 01:38,Motor Vehicle Theft,"998 GRANT ST"
UAPD,25-0532,06/19/2025 08:50,Suspicious Activity,"121 EXCHANGE ST"
APD,2025-00000533,06/19/2025 16:02,Assault,"543 KENMORE BLVD"
APD,2025-00000534,06/19/2025 23:15,Robbery,"876 HAWKINS AVE"
APD,2025-00000535,06/20/2025 06:28,Burglary,"213 BUCHTEL AVE"
APD,2025-00000536,06/20/2025 13:40,Domestic Incident,"654 EAST AVE"
UAPD,25-0537,06/20/2025 20:52,Sexual Assault,"987 MAIN ST"
APD,2025-00000538,06/21/2025 04:05,Other,"321 BROWN ST"
APD,2025-00000539,06/21/2025 11:18,Stalking,"654 WATERLOO RD"
APD,2025-00000540,06/21/2025 18:30,Treason,"901 STATE ST"
APD,2025-00000541,06/22/2025 01:42,Theft,"234 ARLINGTON ST"
UAPD,25-0542,06/22/2025 08:55,Homicide,"567 COPLEY RD"
APD,2025-00000543,06/22/2025 16:08,Rape,"890 TALLMADGE AVE"
APD,2025-00000544,06/22/2025 23:20,Aggravated Assault,"112 INMAN ST"
APD,2025-00000545,06/23/2025 06:32,Theft,"443 MARKET ST"
APD,2025-00000546,06/23/2025 13:45,Arson,"776 GOODYEAR BLVD"
UAPD,25-0547,06/23/2025 20:58,Vandalism,"334 GRANT ST"
APD,2025-00000548,06/24/2025 04:10,Motor Vehicle Theft,"667 EXCHANGE ST"
APD,2025-00000549,06/24/2025 11:22,Suspicious Activity,"998 KENMORE BLVD"
APD,2025-00000550,06/24/2025 18:35,Assault,"121 HAWKINS AVE"
APD,2025-00000551,06/25/2025 01:48,Robbery,"543 BUCHTEL AVE"
UAPD,25-0552,06/25/2025 09:00,Burglary,"876 EAST AVE"
APD,2025-00000553,06/25/2025 16:12,Domestic Incident,"213 MAIN ST"
APD,2025-00000554,06/25/2025 23:25,Sexual Assault,"654 BROWN ST"
APD,2025-00000555,06/26/2025 06:38,Other,"987 WATERLOO RD"
APD,2025-00000556,06/26/2025 13:50,Stalking,"321 STATE ST"
UAPD,25-0557,06/26/2025 21:02,Treason,"654 ARLINGTON ST"
APD,2025-00000558,06/27/2025 04:15,Theft,"901 COPLEY RD"
APD,2025-00000559,06/27/2025 11:28,Homicide,"234 TALLMADGE AVE"
APD,2025-00000560,06/27/2025 18:40,Rape,"567 INMAN ST"
APD,2025-00000561,06/28/2025 01:52,Aggravated Assault,"890 MARKET ST"
UAPD,25-0562,06/28/2025 09:05,Theft,"112 GOODYEAR BLVD"
APD,2025-00000563,06/28/2025 16:18,Arson,"443 GRANT ST"
APD,2025-00000564,06/28/2025 23:30,Vandalism,"776 EXCHANGE ST"
APD,2025-00000565,06/29/2025 06:42,Motor Vehicle Theft,"334 KENMORE BLVD"
APD,2025-00000566,06/29/2025 13:55,Suspicious Activity,"667 HAWKINS AVE"
UAPD,25-0567,06/29/2025 21:08,Assault,"998 BUCHTEL AVE"
APD,2025-00000568,06/30/2025 04:20,Robbery,"121 EAST AVE"
APD,2025-00000569,06/30/2025 11:32,Burglary,"543 MAIN ST"
APD,2025-00000570,06/30/2025 18:45,Domestic Incident,"876 BROWN ST"
APD,2025-00000571,07/01/2025 01:58,Sexual Assault,"213 WATERLOO RD"
UAPD,25-0572,07/01/2025 09:10,Other,"654 STATE ST"
APD,2025-00000573,07/01/2025 16:22,Stalking,"987 ARLINGTON ST"
APD,2025-00000574,07/01/2025 23:35,Treason,"321 COPLEY RD"
APD,2025-00000575,07/02/2025 06:48,Theft,"654 TALLMADGE AVE"
APD,2025-00000576,07/02/2025 14:00,Homicide,"901 INMAN ST"
UAPD,25-0577,07/02/2025 21:12,Rape,"234 MARKET ST"
APD,2025-00000578,07/03/2025 04:25,Aggravated Assault,"567 GOODYEAR BLVD"
APD,2025-00000579,07/03/2025 11:38,Theft,"890 GRANT ST"
APD,2025-00000580,07/03/2025 18:50,Arson,"112 EXCHANGE ST"
APD,2025-00000581,07/04/2025 02:02,Vandalism,"443 KENMORE BLVD"
UAPD,25-0582,07/04/2025 09:15,Motor Vehicle Theft,"776 HAWKINS AVE"
APD,2025-00000583,07/04/2025 16:28,Suspicious Activity,"334 BUCHTEL AVE"
APD,2025-00000584,07/04/2025 23:40,Assault,"667 EAST AVE"
APD,2025-00000585,07/05/2025 06:52,Robbery,"998 MAIN ST"
APD,2025-00000586,07/05/2025 14:05,Burglary,"121 BROWN ST"
UAPD,25-0587,07/05/2025 21:18,Domestic Incident,"543 WATERLOO RD"
APD,2025-00000588,07/06/2025 04:30,Sexual Assault,"876 STATE ST"
APD,2025-00000589,07/06/2025 11:42,Other,"213 ARLINGTON ST"
APD,2025-00000590,07/06/2025 18:55,Stalking,"654 COPLEY RD"
APD,2025-00000591,07/07/2025 02:08,Treason,"987 TALLMADGE AVE"
UAPD,25-0592,07/07/2025 09:20,Theft,"321 INMAN ST"
APD,2025-00000593,07/07/2025 16:32,Homicide,"654 MARKET ST"
APD,2025-00000594,07/07/2025 23:45,Rape,"901 GOODYEAR BLVD"
APD,2025-00000595,07/08/2025 06:58,Aggravated Assault,"234 GRANT ST"
APD,2025-00000596,07/08/2025 14:10,Theft,"567 EXCHANGE ST"
UAPD,25-0597,07/08/2025 21:22,Arson,"890 KENMORE BLVD"
APD,2025-00000598,07/09/2025 04:35,Vandalism,"112 HAWKINS AVE"
APD,2025-00000599,07/09/2025 11:48,Motor Vehicle Theft,"443 BUCHTEL AVE"
APD,2025-00000600,07/09/2025 19:00,Suspicious Activity,"776 EAST AVE"
APD,2025-00000601,07/10/2025 02:12,Assault,"334 MAIN ST"
UAPD,25-0602,07/10/2025 09:25,Robbery,"667 BROWN ST"
APD,2025-00000603,07/10/2025 16:38,Burglary,"998 WATERLOO RD"
APD,2025-00000604,07/10/2025 23:50,Domestic Incident,"121 STATE ST"
APD,2025-00000605,07/11/2025 07:02,Sexual Assault,"543 ARLINGTON ST"
APD,2025-00000606,07/11/2025 14:15,Other,"876 COPLEY RD"
UAPD,25-0607,07/11/2025 21:28,Stalking,"213 TALLMADGE AVE"
APD,2025-00000608,07/12/2025 04:40,Treason,"654 INMAN ST"
APD,2025-00000609,07/12/2025 11:52,Kidnapping,"987 MARKET ST"
APD,2025-00000610,07/12/2025 19:05,Homicide,"321 GOODYEAR BLVD"
APD,2025-00000611,07/13/2025 02:18,Rape,"654 GRANT ST"
UAPD,25-0612,07/13/2025 09:30,Aggravated Assault,"901 EXCHANGE ST"
APD,2025-00000613,07/13/2025 16:42,Theft,"234 KENMORE BLVD"
APD,2025-00000614,07/13/2025 23:55,Arson,"567 HAWKINS AVE"
APD,2025-00000615,07/14/2025 07:08,Vandalism,"890 BUCHTEL AVE"
APD,2025-00000616,07/14/2025 14:20,Motor Vehicle Theft,"112 EAST AVE"
UAPD,25-0617,07/14/2025 21:32,Suspicious Activity,"443 MAIN ST"
APD,2025-00000618,07/15/2025 04:45,Assault,"776 BROWN ST"
APD,2025-00000619,07/15/2025 11:58,Robbery,"334 WATERLOO RD"
APD,2025-00000620,07/15/2025 19:10,Burglary,"667 STATE ST"
APD,2025-00000621,07/16/2025 02:22,Domestic Incident,"998 ARLINGTON ST"
UAPD,25-0622,07/16/2025 09:35,Sexual Assault,"121 COPLEY RD"
APD,2025-00000623,07/16/2025 16:48,Other,"543 TALLMADGE AVE"
APD,2025-00000624,07/17/2025 00:00,Stalking,"876 INMAN ST"
APD,2025-00000625,07/17/2025 07:12,Treason,"213 MARKET ST"
APD,2025-00000626,07/17/2025 14:25,Kidnapping,"654 GOODYEAR BLVD"
UAPD,25-0627,07/17/2025 21:38,Homicide,"987 GRANT ST"
APD,2025-00000628,07/18/2025 04:50,Rape,"321 EXCHANGE ST"
APD,2025-00000629,07/18/2025 12:02,Aggravated Assault,"654 KENMORE BLVD"
APD,2025-00000630,07/18/2025 19:15,Theft,"901 HAWKINS AVE"
APD,2025-00000631,07/19/2025 02:28,Arson,"234 BUCHTEL AVE"
UAPD,25-0632,07/19/2025 09:40,Vandalism,"567 EAST AVE"
APD,2025-00000633,07/19/2025 16:52,Motor Vehicle Theft,"890 MAIN ST"
APD,2025-00000634,07/20/2025 00:05,Suspicious Activity,"112 BROWN ST"
APD,2025-00000635,07/20/2025 07:18,Assault,"443 WATERLOO RD"
APD,2025-00000636,07/20/2025 14:30,Robbery,"776 STATE ST"
UAPD,25-0637,07/20/2025 21:42,Burglary,"334 ARLINGTON ST"
APD,2025-00000638,07/21/2025 04:55,Domestic Incident,"667 COPLEY RD"
APD,2025-00000639,07/21/2025 12:08,Sexual Assault,"998 TALLMADGE AVE"
APD,2025-00000640,07/21/2025 19:20,Other,"121 INMAN ST"
APD,2025-00000641,07/22/2025 02:32,Stalking,"543 MARKET ST"
UAPD,25-0642,07/22/2025 09:45,Treason,"876 GOODYEAR BLVD"
APD,2025-00000643,07/22/2025 16:58,Kidnapping,"213 GRANT ST"
APD,2025-00000644,07/23/2025 00:10,Homicide,"654 EXCHANGE ST"
APD,2025-00000645,07/23/2025 07:22,Rape,"987 KENMORE BLVD"
APD,2025-00000646,07/23/2025 14:35,Aggravated Assault,"321 HAWKINS AVE"
UAPD,25-0647,07/23/2025 21:48,Theft,"654 BUCHTEL AVE"
APD,2025-00000648,07/24/2025 05:00,Arson,"901 EAST AVE"
APD,2025-00000649,07/24/2025 12:12,Vandalism,"234 MAIN ST"
APD,2025-00000650,07/24/2025 19:25,Motor Vehicle Theft,"567 BROWN ST"
APD,2025-00000651,07/25/2025 02:38,Suspicious Activity,"890 WATERLOO RD"
UAPD,25-0652,07/25/2025 09:50,Assault,"112 STATE ST"
APD,2025-00000653,07/25/2025 17:02,Robbery,"443 ARLINGTON ST"
APD,2025-00000654,07/26/2025 00:15,Burglary,"776 COPLEY RD"
APD,2025-00000655,07/26/2025 07:28,Domestic Incident,"334 TALLMADGE AVE"
APD,2025-00000656,07/26/2025 14:40,Sexual Assault,"667 INMAN ST"
UAPD,25-0657,07/26/2025 21:52,Other,"998 MARKET ST"
APD,2025-00000658,07/27/2025 05:05,Stalking,"121 GOODYEAR BLVD"
APD,2025-00000659,07/27/2025 12:18,Treason,"543 GRANT ST"
APD,2025-00000660,07/27/2025 19:30,Kidnapping,"876 EXCHANGE ST"
APD,2025-00000661,07/28/2025 02:42,Homicide,"213 KENMORE BLVD"
UAPD,25-0662,07/28/2025 09:55,Rape,"654 HAWKINS AVE"
APD,2025-00000663,07/28/2025 17:08,Aggravated Assault,"987 BUCHTEL AVE"
APD,2025-00000664,07/29/2025 00:20,Theft,"321 EAST AVE"
APD,2025-00000665,07/29/2025 07:32,Arson,"654 MAIN ST"
APD,2025-00000666,07/29/2025 14:45,Vandalism,"901 BROWN ST"
UAPD,25-0667,07/29/2025 21:58,Motor Vehicle Theft,"234 WATERLOO RD"
APD,2025-00000668,07/30/2025 05:10,Suspicious Activity,"567 STATE ST"
APD,2025-00000669,07/30/2025 12:22,Assault,"890 ARLINGTON ST"
APD,2025-00000670,07/30/2025 19:35,Robbery,"112 COPLEY RD"
APD,2025-00000671,07/31/2025 02:48,Burglary,"443 TALLMADGE AVE"
UAPD,25-0672,07/31/2025 10:00,Domestic Incident,"776 INMAN ST"
APD,2025-00000673,07/31/2025 17:12,Sexual Assault,"334 MARKET ST"
APD,2025-00000674,08/01/2025 00:25,Other,"667 GOODYEAR BLVD"
APD,2025-00000675,08/01/2025 07:38,Stalking,"998 GRANT ST"
APD,2025-00000676,08/01/2025 14:50,Treason,"121 EXCHANGE ST"
UAPD,25-0677,08/01/2025 22:02,Kidnapping,"543 KENMORE BLVD"
APD,2025-00000678,08/02/2025 05:15,Homicide,"876 HAWKINS AVE"
APD,2025-00000679,08/02/2025 12:28,Rape,"213 BUCHTEL AVE"
APD,2025-00000680,08/02/2025 19:40,Aggravated Assault,"654 EAST AVE"
APD,2025-00000681,08/03/2025 02:52,Theft,"987 MAIN ST"
UAPD,25-0682,08/03/2025 10:05,Arson,"321 BROWN ST"
APD,2025-00000683,08/03/2025 17:18,Vandalism,"654 WATERLOO RD"
APD,2025-00000684,08/04/2025 00:30,Motor Vehicle Theft,"901 STATE ST"
APD,2025-00000685,08/04/2025 07:42,Suspicious Activity,"234 ARLINGTON ST"
APD,2025-00000686,08/04/2025 14:55,Assault,"567 COPLEY RD"
UAPD,25-0687,08/04/2025 22:08,Robbery,"890 TALLMADGE AVE"
APD,2025-00000688,08/05/2025 05:20,Burglary,"112 INMAN ST"
APD,2025-00000689,08/05/2025 12:32,Domestic Incident,"443 MARKET ST"
APD,2025-00000690,08/05/2025 19:45,Sexual Assault,"776 GOODYEAR BLVD"
APD,2025-00000691,08/06/2025 02:58,Other,"334 GRANT ST"
UAPD,25-0692,08/06/2025 10:10,Stalking,"667 EXCHANGE ST"
APD,2025-00000693,08/06/2025 17:22,Treason,"998 KENMORE BLVD"
APD,2025-00000694,08/07/2025 00:35,Kidnapping,"121 HAWKINS AVE"
APD,2025-00000695,08/07/2025 07:48,Homicide,"543 BUCHTEL AVE"
APD,2025-00000696,08/07/2025 15:00,Rape,"876 EAST AVE"
UAPD,25-0697,08/07/2025 22:12,Aggravated Assault,"213 MAIN ST"
APD,2025-00000698,08/08/2025 05:25,Theft,"654 BROWN ST"
APD,2025-00000699,08/08/2025 12:38,Arson,"987 WATERLOO RD"
APD,2025-00000700,08/08/2025 19:50,Vandalism,"321 STATE ST"
APD,2025-00000701,08/09/2025 03:02,Motor Vehicle Theft,"654 ARLINGTON ST"
UAPD,25-0702,08/09/2025 10:15,Suspicious Activity,"901 COPLEY RD"
APD,2025-00000703,08/09/2025 17:28,Assault,"234 TALLMADGE AVE"
APD,2025-00000704,08/10/2025 00:40,Robbery,"567 INMAN ST"
APD,2025-00000705,08/10/2025 07:52,Burglary,"890 MARKET ST"
APD,2025-00000706,08/10/2025 15:05,Domestic Incident,"112 GOODYEAR BLVD"
UAPD,25-0707,08/10/2025 22:18,Sexual Assault,"443 GRANT ST"
APD,2025-00000708,08/11/2025 05:30,Other,"776 EXCHANGE ST"
APD,2025-00000709,08/11/2025 12:42,Stalking,"334 KENMORE BLVD"
APD,2025-00000710,08/11/2025 19:55,Treason,"667 HAWKINS AVE"
APD,2025-00000711,08/12/2025 03:08,Kidnapping,"998 BUCHTEL AVE"
UAPD,25-0712,08/12/2025 10:20,Homicide,"121 EAST AVE"
APD,2025-00000713,08/12/2025 17:32,Rape,"543 MAIN ST"
APD,2025-00000714,08/13/2025 00:45,Aggravated Assault,"876 BROWN ST"
APD,2025-00000715,08/13/2025 07:58,Theft,"213 WATERLOO RD"
APD,2025-00000716,08/13/2025 15:10,Arson,"654 STATE ST"
UAPD,25-0717,08/13/2025 22:22,Vandalism,"987 ARLINGTON ST"
APD,2025-00000718,08/14/2025 05:35,Motor Vehicle Theft,"321 COPLEY RD"
APD,2025-00000719,08/14/2025 12:48,Suspicious Activity,"654 TALLMADGE AVE"
APD,2025-00000720,08/14/2025 20:00,Assault,"901 INMAN ST"
APD,2025-00000721,08/15/2025 03:12,Robbery,"234 MARKET ST"
UAPD,25-0722,08/15/2025 10:25,Burglary,"567 GOODYEAR BLVD"
APD,2025-00000723,08/15/2025 17:38,Domestic Incident,"890 GRANT ST"
APD,2025-00000724,08/16/2025 00:50,Sexual Assault,"112 EXCHANGE ST"
APD,2025-00000725,08/16/2025 08:02,Other,"443 KENMORE BLVD"
APD,2025-00000726,08/16/2025 15:15,Stalking,"776 HAWKINS AVE"
UAPD,25-0727,08/16/2025 22:28,Treason,"334 BUCHTEL AVE"
APD,2025-00000728,08/17/2025 05:40,Kidnapping,"667 EAST AVE"
APD,2025-00000729,08/17/2025 12:52,Homicide,"998 MAIN ST"
APD,2025-00000730,08/17/2025 20:05,Rape,"121 BROWN ST"
APD,2025-00000731,08/18/2025 03:18,Aggravated Assault,"543 WATERLOO RD"
UAPD,25-0732,08/18/2025 10:30,Theft,"876 STATE ST"
APD,2025-00000733,08/18/2025 17:42,Arson,"213 ARLINGTON ST"
APD,2025-00000734,08/19/2025 00:55,Vandalism,"654 COPLEY RD"
APD,2025-00000735,08/19/2025 08:08,Motor Vehicle Theft,"987 TALLMADGE AVE"
APD,2025-00000736,08/19/2025 15:20,Suspicious Activity,"321 INMAN ST"
UAPD,25-0737,08/19/2025 22:32,Assault,"654 MARKET ST"
APD,2025-00000738,08/20/2025 05:45,Robbery,"901 GOODYEAR BLVD"
APD,2025-00000739,08/20/2025 12:58,Burglary,"234 GRANT ST"
APD,2025-00000740,08/20/2025 20:10,Domestic Incident,"567 EXCHANGE ST"
APD,2025-00000741,08/21/2025 03:22,Sexual Assault,"890 KENMORE BLVD"
UAPD,25-0742,08/21/2025 10:35,Other,"112 HAWKINS AVE"
APD,2025-00000743,08/21/2025 17:48,Stalking,"443 BUCHTEL AVE"
APD,2025-00000744,08/22/2025 01:00,Treason,"776 EAST AVE"
APD,2025-00000745,08/22/2025 08:12,Kidnapping,"334 MAIN ST"
APD,2025-00000746,08/22/2025 15:25,Homicide,"667 BROWN ST"
UAPD,25-0747,08/22/2025 22:38,Rape,"998 WATERLOO RD"
APD,2025-00000748,08/23/2025 05:50,Aggravated Assault,"121 STATE ST"
APD,2025-00000749,08/23/2025 13:02,Theft,"543 ARLINGTON ST"
APD,2025-00000750,08/23/2025 20:15,Arson,"876 COPLEY RD"
APD,2025-00000751,08/24/2025 03:28,Vandalism,"213 TALLMADGE AVE"
UAPD,25-0752,08/24/2025 10:40,Motor Vehicle Theft,"654 INMAN ST"
APD,2025-00000753,08/24/2025 17:52,Suspicious Activity,"987 MARKET ST"
APD,2025-00000754,08/25/2025 01:05,Assault,"321 GOODYEAR BLVD"
APD,2025-00000755,08/25/2025 08:18,Robbery,"654 GRANT ST"
APD,2025-00000756,08/25/2025 15:30,Burglary,"901 EXCHANGE ST"
UAPD,25-0757,08/25/2025 22:42,Domestic Incident,"234 KENMORE BLVD"
APD,2025-00000758,08/26/2025 05:55,Sexual Assault,"567 HAWKINS AVE"
APD,2025-00000759,08/26/2025 13:08,Other,"890 BUCHTEL AVE"
APD,2025-00000760,08/26/2025 20:20,Stalking,"112 EAST AVE"
APD,2025-00000761,08/27/2025 03:32,Treason,"443 MAIN ST"
UAPD,25-0762,08/27/2025 10:45,Theft,"776 BROWN ST"
APD,2025-00000763,08/27/2025 17:58,Homicide,"334 WATERLOO RD"
APD,2025-00000764,08/28/2025 01:10,Rape,"667 STATE ST"
APD,2025-00000765,08/28/2025 08:22,Aggravated Assault,"998 ARLINGTON ST"
APD,2025-00000766,08/28/2025 15:35,Theft,"121 COPLEY RD"
UAPD,25-0767,08/28/2025 22:48,Arson,"543 TALLMADGE AVE"
APD,2025-00000768,08/29/2025 06:00,Vandalism,"876 INMAN ST"
APD,2025-00000769,08/29/2025 13:12,Motor Vehicle Theft,"213 MARKET ST"
APD,2025-00000770,08/29/2025 20:25,Suspicious Activity,"654 GOODYEAR BLVD"
APD,2025-00000771,08/30/2025 03:38,Assault,"987 GRANT ST"
UAPD,25-0772,08/30/2025 10:50,Robbery,"321 EXCHANGE ST"
APD,2025-00000773,08/30/2025 18:02,Burglary,"654 KENMORE BLVD"
APD,2025-00000774,08/31/2025 01:15,Domestic Incident,"901 HAWKINS AVE"
APD,2025-00000775,08/31/2025 08:28,Sexual Assault,"234 BUCHTEL AVE"
APD,2025-00000776,08/31/2025 15:40,Other,"567 EAST AVE"
UAPD,25-0777,08/31/2025 22:52,Stalking,"890 MAIN ST"
APD,2025-00000778,09/01/2025 06:05,Treason,"112 BROWN ST"
APD,2025-00000779,09/01/2025 13:18,Kidnapping,"443 WATERLOO RD"
APD,2025-00000780,09/01/2025 20:30,Homicide,"776 STATE ST"
APD,2025-00000781,09/02/2025 03:42,Rape,"334 ARLINGTON ST"
UAPD,25-0782,09/02/2025 10:55,Aggravated Assault,"667 COPLEY RD"
APD,2025-00000783,09/02/2025 18:08,Theft,"998 TALLMADGE AVE"
APD,2025-00000784,09/03/2025 01:20,Arson,"121 INMAN ST"
APD,2025-00000785,09/03/2025 08:32,Vandalism,"543 MARKET ST"
APD,2025-00000786,09/03/2025 15:45,Motor Vehicle Theft,"876 GOODYEAR BLVD"
UAPD,25-0787,09/03/2025 22:58,Suspicious Activity,"213 GRANT ST"
APD,2025-00000788,09/04/2025 06:10,Assault,"654 EXCHANGE ST"
APD,2025-00000789,09/04/2025 13:22,Robbery,"987 KENMORE BLVD"
APD,2025-00000790,09/04/2025 20:35,Burglary,"321 HAWKINS AVE"
APD,2025-00000791,09/05/2025 03:48,Domestic Incident,"654 BUCHTEL AVE"
UAPD,25-0792,09/05/2025 11:00,Sexual Assault,"901 EAST AVE"
APD,2025-00000793,09/05/2025 18:12,Other,"234 MAIN ST"
APD,2025-00000794,09/06/2025 01:25,Stalking,"567 BROWN ST"
APD,2025-00000795,09/06/2025 08:38,Treason,"890 WATERLOO RD"
APD,2025-00000796,09/06/2025 15:50,Kidnapping,"112 STATE ST"
UAPD,25-0797,09/06/2025 23:02,Homicide,"443 ARLINGTON ST"
APD,2025-00000798,09/07/2025 06:15,Rape,"776 COPLEY RD"
APD,2025-00000799,09/07/2025 13:28,Aggravated Assault,"334 TALLMADGE AVE"
APD,2025-00000800,09/07/2025 20:40,Theft,"667 INMAN ST"
APD,2025-00000801,09/08/2025 03:52,Arson,"998 MARKET ST"
UAPD,25-0802,09/08/2025 11:05,Vandalism,"121 GOODYEAR BLVD"
APD,2025-00000803,09/08/2025 18:18,Motor Vehicle Theft,"543 GRANT ST"
APD,2025-00000804,09/09/2025 01:30,Suspicious Activity,"876 EXCHANGE ST"
APD,2025-00000805,09/09/2025 08:42,Assault,"213 KENMORE BLVD"
APD,2025-00000806,09/09/2025 15:55,Robbery,"654 HAWKINS AVE"
UAPD,25-0807,09/09/2025 23:08,Burglary,"987 BUCHTEL AVE"
APD,2025-00000808,09/10/2025 06:20,Domestic Incident,"321 EAST AVE"
APD,2025-00000809,09/10/2025 13:32,Sexual Assault,"654 MAIN ST"
APD,2025-00000810,09/10/2025 20:45,Other,"901 BROWN ST"
APD,2025-00000811,09/11/2025 03:58,Stalking,"234 WATERLOO RD"
UAPD,25-0812,09/11/2025 11:10,Treason,"567 STATE ST"
APD,2025-00000813,09/11/2025 18:22,Kidnapping,"890 ARLINGTON ST"
APD,2025-00000814,09/12/2025 01:35,Homicide,"112 COPLEY RD"
APD,2025-00000815,09/12/2025 08:48,Rape,"443 TALLMADGE AVE"
APD,2025-00000816,09/12/2025 16:00,Aggravated Assault,"776 INMAN ST"
UAPD,25-0817,09/12/2025 23:12,Theft,"334 MARKET ST"
APD,2025-00000818,09/13/2025 06:25,Arson,"667 GOODYEAR BLVD"
APD,2025-00000819,09/13/2025 13:38,Vandalism,"998 GRANT ST"
APD,2025-00000820,09/13/2025 20:50,Motor Vehicle Theft,"121 EXCHANGE ST"
APD,2025-00000821,09/14/2025 04:02,Suspicious Activity,"543 KENMORE BLVD"
UAPD,25-0822,09/14/2025 11:15,Assault,"876 HAWKINS AVE"
APD,2025-00000823,09/14/2025 18:28,Robbery,"213 BUCHTEL AVE"
APD,2025-00000824,09/15/2025 01:40,Burglary,"654 EAST AVE"
APD,2025-00000825,09/15/2025 08:52,Domestic Incident,"987 MAIN ST"
APD,2025-00000826,09/15/2025 16:05,Sexual Assault,"321 BROWN ST"
UAPD,25-0827,09/15/2025 23:18,Other,"654 WATERLOO RD"
APD,2025-00000828,09/16/2025 06:30,Stalking,"901 STATE ST"
APD,2025-00000829,09/16/2025 13:42,Treason,"234 ARLINGTON ST"
APD,2025-00000830,09/16/2025 20:55,Theft,"567 COPLEY RD"
APD,2025-00000831,09/17/2025 04:08,Homicide,"890 TALLMADGE AVE"
UAPD,25-0832,09/17/2025 11:20,Rape,"112 INMAN ST"
APD,2025-00000833,09/17/2025 18:32,Aggravated Assault,"443 MARKET ST"
APD,2025-00000834,09/18/2025 01:45,Theft,"776 GOODYEAR BLVD"
APD,2025-00000835,09/18/2025 08:58,Arson,"334 GRANT ST"
APD,2025-00000836,09/18/2025 16:10,Vandalism,"667 EXCHANGE ST"
UAPD,25-0837,09/18/2025 23:22,Motor Vehicle Theft,"998 KENMORE BLVD"
APD,2025-00000838,09/19/2025 06:35,Suspicious Activity,"121 HAWKINS AVE"
APD,2025-00000839,09/19/2025 13:48,Assault,"543 BUCHTEL AVE"
APD,2025-00000840,09/19/2025 21:00,Robbery,"876 EAST AVE"
APD,2025-00000841,09/20/2025 04:12,Burglary,"213 MAIN ST"
UAPD,25-0842,09/20/2025 11:25,Domestic Incident,"654 BROWN ST"
APD,2025-00000843,09/20/2025 18:38,Sexual Assault,"987 WATERLOO RD"
APD,2025-00000844,09/21/2025 01:50,Other,"321 STATE ST"
APD,2025-00000845,09/21/2025 09:02,Stalking,"654 ARLINGTON ST"
APD,2025-00000846,09/21/2025 16:15,Treason,"901 COPLEY RD"
UAPD,25-0847,09/21/2025 23:28,Kidnapping,"234 TALLMADGE AVE"
APD,2025-00000848,09/22/2025 06:40,Homicide,"567 INMAN ST"
APD,2025-00000849,09/22/2025 13:52,Rape,"890 MARKET ST"
APD,2025-00000850,09/22/2025 21:05,Aggravated Assault,"112 GOODYEAR BLVD"
APD,2025-00000851,09/23/2025 04:18,Theft,"443 GRANT ST"
UAPD,25-0852,09/23/2025 11:30,Arson,"776 EXCHANGE ST"
APD,2025-00000853,09/23/2025 18:42,Vandalism,"334 KENMORE BLVD"
APD,2025-00000854,09/24/2025 01:55,Motor Vehicle Theft,"667 HAWKINS AVE"
APD,2025-00000855,09/24/2025 09:08,Suspicious Activity,"998 BUCHTEL AVE"
APD,2025-00000856,09/24/2025 16:20,Assault,"121 EAST AVE"
UAPD,25-0857,09/24/2025 23:32,Robbery,"543 MAIN ST"
APD,2025-00000858,09/25/2025 06:45,Burglary,"876 BROWN ST"
APD,2025-00000859,09/25/2025 13:58,Domestic Incident,"213 WATERLOO RD"
APD,2025-00000860,09/25/2025 21:10,Sexual Assault,"654 STATE ST"
APD,2025-00000861,09/26/2025 04:22,Other,"987 ARLINGTON ST"
UAPD,25-0862,09/26/2025 11:35,Stalking,"321 COPLEY RD"
APD,2025-00000863,09/26/2025 18:48,Treason,"654 TALLMADGE AVE"
APD,2025-00000864,09/27/2025 02:00,Kidnapping,"901 INMAN ST"
APD,2025-00000865,09/27/2025 09:12,Homicide,"234 MARKET ST"
APD,2025-00000866,09/27/2025 16:25,Rape,"567 GOODYEAR BLVD"
UAPD,25-0867,09/27/2025 23:38,Aggravated Assault,"890 GRANT ST"
APD,2025-00000868,09/28/2025 06:50,Theft,"112 EXCHANGE ST"
APD,2025-00000869,09/28/2025 14:02,Arson,"443 KENMORE BLVD"
APD,2025-00000870,09/28/2025 21:15,Vandalism,"776 HAWKINS AVE"
APD,2025-00000871,09/29/2025 04:28,Motor Vehicle Theft,"334 BUCHTEL AVE"
UAPD,25-0872,09/29/2025 11:40,Suspicious Activity,"667 EAST AVE"
APD,2025-00000873,09/29/2025 18:52,Assault,"998 MAIN ST"
APD,2025-00000874,09/30/2025 02:05,Robbery,"121 BROWN ST"
APD,2025-00000875,09/30/2025 09:18,Burglary,"543 WATERLOO RD"
APD,2025-00000876,09/30/2025 16:30,Domestic Incident,"876 STATE ST"
UAPD,25-0877,09/30/2025 23:42,Sexual Assault,"213 ARLINGTON ST"
APD,2025-00000878,10/01/2025 06:55,Other,"654 COPLEY RD"
APD,2025-00000879,10/01/2025 14:08,Stalking,"987 TALLMADGE AVE"
APD,2025-00000880,10/01/2025 21:20,Treason,"321 INMAN ST"
APD,2025-00000881,10/02/2025 04:32,Kidnapping,"654 MARKET ST"
UAPD,25-0882,10/02/2025 11:45,Homicide,"901 GOODYEAR BLVD"
APD,2025-00000883,10/02/2025 18:58,Rape,"234 GRANT ST"
APD,2025-00000884,10/03/2025 02:10,Aggravated Assault,"567 EXCHANGE ST"
APD,2025-00000885,10/03/2025 09:22,Theft,"890 KENMORE BLVD"
APD,2025-00000886,10/03/2025 16:35,Arson,"112 HAWKINS AVE"
UAPD,25-0887,10/03/2025 23:48,Vandalism,"443 BUCHTEL AVE"
APD,2025-00000888,10/04/2025 07:00,Motor Vehicle Theft,"776 EAST AVE"
APD,2025-00000889,10/04/2025 14:12,Suspicious Activity,"334 MAIN ST"
APD,2025-00000890,10/04/2025 21:25,Assault,"667 BROWN ST"
APD,2025-00000891,10/05/2025 04:38,Robbery,"998 WATERLOO RD"
UAPD,25-0892,10/05/2025 11:50,Burglary,"121 STATE ST"
APD,2025-00000893,10/05/2025 19:02,Domestic Incident,"543 ARLINGTON ST"
APD,2025-00000894,10/06/2025 02:15,Sexual Assault,"876 COPLEY RD"
APD,2025-00000895,10/06/2025 09:28,Other,"213 TALLMADGE AVE"
APD,2025-00000896,10/06/2025 16:40,Stalking,"654 INMAN ST"
UAPD,25-0897,10/06/2025 23:52,Treason,"987 MARKET ST"
APD,2025-00000898,10/07/2025 07:05,Kidnapping,"321 GOODYEAR BLVD"
APD,2025-00000899,10/07/2025 14:18,Homicide,"654 GRANT ST"
APD,2025-00000900,10/07/2025 21:30,Rape,"901 EXCHANGE ST"
APD,2025-00000901,10/08/2025 04:42,Aggravated Assault,"234 KENMORE BLVD"
UAPD,25-0902,10/08/2025 11:55,Theft,"567 HAWKINS AVE"
APD,2025-00000903,10/08/2025 19:08,Arson,"890 BUCHTEL AVE"
APD,2025-00000904,10/09/2025 02:20,Vandalism,"112 EAST AVE"
APD,2025-00000905,10/09/2025 09:32,Motor Vehicle Theft,"443 MAIN ST"
APD,2025-00000906,10/09/2025 16:45,Suspicious Activity,"776 BROWN ST"
UAPD,25-0907,10/09/2025 23:58,Assault,"334 WATERLOO RD"
APD,2025-00000908,10/10/2025 07:10,Robbery,"667 STATE ST"
APD,2025-00000909,10/10/2025 14:22,Burglary,"998 ARLINGTON ST"
APD,2025-00000910,10/10/2025 21:35,Domestic Incident,"121 COPLEY RD"
APD,2025-00000911,10/11/2025 04:48,Sexual Assault,"543 TALLMADGE AVE"
UAPD,25-0912,10/11/2025 12:00,Other,"876 INMAN ST"
APD,2025-00000913,10/11/2025 19:12,Stalking,"213 MARKET ST"
APD,2025-00000914,10/12/2025 02:25,Treason,"654 GOODYEAR BLVD"
APD,2025-00000915,10/12/2025 09:38,Kidnapping,"987 GRANT ST"
APD,2025-00000916,10/12/2025 16:50,Homicide,"321 EXCHANGE ST"
UAPD,25-0917,10/13/2025 00:02,Rape,"654 KENMORE BLVD"
APD,2025-00000918,10/13/2025 07:15,Aggravated Assault,"901 HAWKINS AVE"
APD,2025-00000919,10/13/2025 14:28,Theft,"234 BUCHTEL AVE"
APD,2025-00000920,10/13/2025 21:40,Arson,"567 EAST AVE"
APD,2025-00000921,10/14/2025 04:52,Vandalism,"890 MAIN ST"
UAPD,25-0922,10/14/2025 12:05,Motor Vehicle Theft,"112 BROWN ST"
APD,2025-00000923,10/14/2025 19:18,Suspicious Activity,"443 WATERLOO RD"
APD,2025-00000924,10/15/2025 02:30,Assault,"776 STATE ST"
APD,2025-00000925,10/15/2025 09:42,Robbery,"334 ARLINGTON ST"
APD,2025-00000926,10/15/2025 16:55,Burglary,"667 COPLEY RD"
UAPD,25-0927,10/16/2025 00:08,Domestic Incident,"998 TALLMADGE AVE"
APD,2025-00000928,10/16/2025 07:20,Sexual Assault,"121 INMAN ST"
APD,2025-00000929,10/16/2025 14:32,Other,"543 MARKET ST"
APD,2025-00000930,10/16/2025 21:45,Stalking,"876 GOODYEAR BLVD"
APD,2025-00000931,10/17/2025 04:58,Treason,"213 GRANT ST"
UAPD,25-0932,10/17/2025 12:10,Kidnapping,"654 EXCHANGE ST"
APD,2025-00000933,10/17/2025 19:22,Homicide,"987 KENMORE BLVD"
APD,2025-00000934,10/18/2025 02:35,Rape,"321 HAWKINS AVE"
APD,2025-00000935,10/18/2025 09:48,Aggravated Assault,"654 BUCHTEL AVE"
APD,2025-00000936,10/18/2025 17:00,Theft,"901 EAST AVE"
UAPD,25-0937,10/19/2025 00:12,Arson,"234 MAIN ST"
APD,2025-00000938,10/19/2025 07:25,Vandalism,"567 BROWN ST"
APD,2025-00000939,10/19/2025 14:38,Motor Vehicle Theft,"890 WATERLOO RD"
APD,2025-00000940,10/19/2025 21:50,Suspicious Activity,"112 STATE ST"
APD,2025-00000941,10/20/2025 05:02,Assault,"443 ARLINGTON ST"
UAPD,25-0942,10/20/2025 12:15,Robbery,"776 COPLEY RD"
APD,2025-00000943,10/20/2025 19:28,Burglary,"334 TALLMADGE AVE"
APD,2025-00000944,10/21/2025 02:40,Domestic Incident,"667 INMAN ST"
APD,2025-00000945,10/21/2025 09:52,Sexual Assault,"998 MARKET ST"
APD,2025-00000946,10/21/2025 17:05,Other,"121 GOODYEAR BLVD"
UAPD,25-0947,10/22/2025 00:18,Stalking,"543 GRANT ST"
APD,2025-00000948,10/22/2025 07:30,Treason,"876 EXCHANGE ST"
APD,2025-00000949,10/22/2025 14:42,Kidnapping,"213 KENMORE BLVD"
APD,2025-00000950,10/22/2025 21:55,Homicide,"654 HAWKINS AVE"
APD,2025-00000951,10/23/2025 05:08,Rape,"987 BUCHTEL AVE"
UAPD,25-0952,10/23/2025 12:20,Aggravated Assault,"321 EAST AVE"
APD,2025-00000953,10/23/2025 19:32,Theft,"654 MAIN ST"
APD,2025-00000954,10/24/2025 02:45,Arson,"901 BROWN ST"
APD,2025-00000955,10/24/2025 09:58,Vandalism,"234 WATERLOO RD"
APD,2025-00000956,10/24/2025 17:10,Motor Vehicle Theft,"567 STATE ST"
UAPD,25-0957,10/25/2025 00:22,Suspicious Activity,"890 ARLINGTON ST"
APD,2025-00000958,10/25/2025 07:35,Assault,"112 COPLEY RD"
APD,2025-00000959,10/25/2025 14:48,Robbery,"443 TALLMADGE AVE"
APD,2025-00000960,10/25/2025 22:00,Burglary,"776 INMAN ST"
APD,2025-00000961,10/26/2025 05:12,Domestic Incident,"334 MARKET ST"
UAPD,25-0962,10/26/2025 12:25,Sexual Assault,"667 GOODYEAR BLVD"
APD,2025-00000963,10/26/2025 19:38,Other,"998 GRANT ST"
APD,2025-00000964,10/27/2025 02:50,Stalking,"121 EXCHANGE ST"
APD,2025-00000965,10/27/2025 10:02,Treason,"543 KENMORE BLVD"
APD,2025-00000966,10/27/2025 17:15,Kidnapping,"876 HAWKINS AVE"
UAPD,25-0967,10/28/2025 00:28,Homicide,"213 BUCHTEL AVE"
APD,2025-00000968,10/28/2025 07:40,Rape,"654 EAST AVE"
APD,2025-00000969,10/28/2025 14:52,Aggravated Assault,"987 MAIN ST"
APD,2025-00000970,10/28/2025 22:05,Theft,"321 BROWN ST"
APD,2025-00000971,10/29/2025 05:18,Arson,"654 WATERLOO RD"
UAPD,25-0972,10/29/2025 12:30,Vandalism,"901 STATE ST"
APD,2025-00000973,10/29/2025 19:42,Motor Vehicle Theft,"234 ARLINGTON ST"
APD,2025-00000974,10/30/2025 02:55,Suspicious Activity,"567 COPLEY RD"
APD,2025-00000975,10/30/2025 10:08,Assault,"890 TALLMADGE AVE"
APD,2025-00000976,10/30/2025 17:20,Robbery,"112 INMAN ST"
UAPD,25-0977,10/31/2025 00:32,Burglary,"443 MARKET ST"
APD,2025-00000978,10/31/2025 07:45,Domestic Incident,"776 GOODYEAR BLVD"
APD,2025-00000979,10/31/2025 14:58,Sexual Assault,"334 GRANT ST"
APD,2025-00000980,10/31/2025 22:10,Other,"667 EXCHANGE ST"
APD,2025-00000981,11/01/2025 05:22,Stalking,"998 KENMORE BLVD"
UAPD,25-0982,11/01/2025 12:35,Treason,"121 HAWKINS AVE"
APD,2025-00000983,11/01/2025 19:48,Kidnapping,"543 BUCHTEL AVE"
APD,2025-00000984,11/02/2025 03:00,Homicide,"876 EAST AVE"
APD,2025-00000985,11/02/2025 10:12,Rape,"213 MAIN ST"
APD,2025-00000986,11/02/2025 17:25,Aggravated Assault,"654 BROWN ST"
UAPD,25-0987,11/03/2025 00:38,Theft,"987 WATERLOO RD"
APD,2025-00000988,11/03/2025 07:50,Arson,"321 STATE ST"
APD,2025-00000989,11/03/2025 15:02,Vandalism,"654 ARLINGTON ST"
APD,2025-00000990,11/03/2025 22:15,Motor Vehicle Theft,"901 COPLEY RD"
APD,2025-00000991,11/04/2025 05:28,Suspicious Activity,"234 TALLMADGE AVE"
UAPD,25-0992,11/04/2025 12:40,Assault,"567 INMAN ST"
APD,2025-00000993,11/04/2025 19:52,Robbery,"890 MARKET ST"
APD,2025-00000994,11/05/2025 03:05,Burglary,"112 GOODYEAR BLVD"
APD,2025-00000995,11/05/2025 10:18,Domestic Incident,"443 GRANT ST"
APD,2025-00000996,11/05/2025 17:30,Sexual Assault,"776 EXCHANGE ST"
UAPD,25-0997,11/06/2025 00:42,Other,"334 KENMORE BLVD"
APD,2025-00000998,11/06/2025 07:55,Stalking,"667 HAWKINS AVE"
APD,2025-00000999,11/06/2025 15:08,Treason,"998 BUCHTEL AVE"
APD,2025-00001000,11/06/2025 22:20,Kidnapping,"121 EAST AVE"
APD,2025-00001001,11/07/2025 05:32,Homicide,"543 MAIN ST"
UAPD,25-1002,11/07/2025 12:45,Rape,"876 BROWN ST"
APD,2025-00001003,11/07/2025 19:58,Aggravated Assault,"213 WATERLOO RD"
APD,2025-00001004,11/08/2025 03:10,Theft,"654 STATE ST"
APD,2025-00001005,11/08/2025 10:22,Arson,"987 ARLINGTON ST"
APD,2025-00001006,11/08/2025 17:35,Vandalism,"321 COPLEY RD"
UAPD,25-1007,11/09/2025 00:48,Motor Vehicle Theft,"654 TALLMADGE AVE"
APD,2025-00001008,11/09/2025 08:00,Suspicious Activity,"901 INMAN ST"
APD,2025-00001009,11/09/2025 15:12,Assault,"234 MARKET ST"
APD,2025-00001010,11/09/2025 22:25,Robbery,"567 GOODYEAR BLVD"
APD,2025-00001011,11/10/2025 05:38,Burglary,"890 GRANT ST"
UAPD,25-1012,11/10/2025 12:50,Domestic Incident,"112 EXCHANGE ST"
APD,2025-00001013,11/10/2025 20:02,Sexual Assault,"443 KENMORE BLVD"
APD,2025-00001014,11/11/2025 03:15,Other,"776 HAWKINS AVE"
APD,2025-00001015,11/11/2025 10:28,Stalking,"334 BUCHTEL AVE"
APD,2025-00001016,11/11/2025 17:40,Treason,"667 EAST AVE"
UAPD,25-1017,11/12/2025 00:52,Kidnapping,"998 MAIN ST"
APD,2025-00001018,11/12/2025 08:05,Homicide,"121 BROWN ST"
APD,2025-00001019,11/12/2025 15:18,Rape,"543 WATERLOO RD"
APD,2025-00001020,11/12/2025 22:30,Aggravated Assault,"876 STATE ST"
APD,2025-00001021,11/13/2025 05:42,Theft,"213 ARLINGTON ST"
UAPD,25-1022,11/13/2025 12:55,Arson,"654 COPLEY RD"
APD,2025-00001023,11/13/2025 20:08,Vandalism,"987 TALLMADGE AVE"
APD,2025-00001024,11/14/2025 03:20,Motor Vehicle Theft,"321 INMAN ST"
APD,2025-00001025,11/14/2025 10:32,Suspicious Activity,"654 MARKET ST"
APD,2025-00001026,11/14/2025 17:45,Assault,"901 GOODYEAR BLVD"
UAPD,25-1027,11/15/2025 00:58,Robbery,"234 GRANT ST"
APD,2025-00001028,11/15/2025 08:10,Burglary,"567 EXCHANGE ST"
APD,2025-00001029,11/15/2025 15:22,Domestic Incident,"890 KENMORE BLVD"
APD,2025-00001030,11/15/2025 22:35,Sexual Assault,"112 HAWKINS AVE"
APD,2025-00001031,11/16/2025 05:48,Other,"443 BUCHTEL AVE"
UAPD,25-1032,11/16/2025 13:00,Stalking,"776 EAST AVE"
APD,2025-00001033,11/16/2025 20:12,Treason,"334 MAIN ST"
APD,2025-00001034,11/17/2025 03:25,Kidnapping,"667 BROWN ST"
APD,2025-00001035,11/17/2025 10:38,Homicide,"998 WATERLOO RD"
APD,2025-00001036,11/17/2025 17:50,Rape,"121 STATE ST"
UAPD,25-1037,11/18/2025 01:02,Aggravated Assault,"543 ARLINGTON ST"
APD,2025-00001038,11/18/2025 08:15,Theft,"876 COPLEY RD"
APD,2025-00001039,11/18/2025 15:28,Arson,"213 TALLMADGE AVE"
APD,2025-00001040,11/18/2025 22:40,Vandalism,"654 INMAN ST"
APD,2025-00001041,11/19/2025 05:52,Motor Vehicle Theft,"987 MARKET ST"
UAPD,25-1042,11/19/2025 13:05,Suspicious Activity,"321 GOODYEAR BLVD"
APD,2025-00001043,11/19/2025 20:18,Assault,"654 GRANT ST"
APD,2025-00001044,11/20/2025 03:30,Robbery,"901 EXCHANGE ST"
APD,2025-00001045,11/20/2025 10:42,Burglary,"234 KENMORE BLVD"
APD,2025-00001046,11/20/2025 17:55,Domestic Incident,"567 HAWKINS AVE"
UAPD,25-1047,11/21/2025 01:08,Sexual Assault,"890 BUCHTEL AVE"
APD,2025-00001048,11/21/2025 08:20,Other,"112 EAST AVE"
APD,2025-00001049,11/21/2025 15:32,Stalking,"443 MAIN ST"
APD,2025-00001050,11/21/2025 22:45,Treason,"776 BROWN ST"
APD,2025-00001051,11/22/2025 05:58,Kidnapping,"334 WATERLOO RD"
UAPD,25-1052,11/22/2025 13:10,Homicide,"667 STATE ST"
APD,2025-00001053,11/22/2025 20:22,Rape,"998 ARLINGTON ST"
APD,2025-00001054,11/23/2025 03:35,Aggravated Assault,"121 COPLEY RD"
APD,2025-00001055,11/23/2025 10:48,Theft,"543 TALLMADGE AVE"
APD,2025-00001056,11/23/2025 18:00,Arson,"876 INMAN ST"
UAPD,25-1057,11/24/2025 01:12,Vandalism,"213 MARKET ST"
APD,2025-00001058,11/24/2025 08:25,Motor Vehicle Theft,"654 GOODYEAR BLVD"
APD,2025-00001059,11/24/2025 15:38,Suspicious Activity,"987 GRANT ST"
APD,2025-00001060,11/24/2025 22:50,Assault,"321 EXCHANGE ST"
APD,2025-00001061,11/25/2025 06:02,Robbery,"654 KENMORE BLVD"
UAPD,25-1062,11/25/2025 13:15,Burglary,"901 HAWKINS AVE"
APD,2025-00001063,11/25/2025 20:28,Domestic Incident,"234 BUCHTEL AVE"
APD,2025-00001064,11/26/2025 03:40,Sexual Assault,"567 EAST AVE"
APD,2025-00001065,11/26/2025 10:52,Other,"890 MAIN ST"
APD,2025-00001066,11/26/2025 18:05,Stalking,"112 BROWN ST"
UAPD,25-1067,11/27/2025 01:18,Treason,"443 WATERLOO RD"
APD,2025-00001068,11/27/2025 08:30,Kidnapping,"776 STATE ST"
APD,2025-00001069,11/27/2025 15:42,Homicide,"334 ARLINGTON ST"
APD,2025-00001070,11/27/2025 22:55,Rape,"667 COPLEY RD"
APD,2025-00001071,11/28/2025 06:08,Aggravated Assault,"998 TALLMADGE AVE"
UAPD,25-1072,11/28/2025 13:20,Theft,"121 INMAN ST"
APD,2025-00001073,11/28/2025 20:32,Arson,"543 MARKET ST"
APD,2025-00001074,11/29/2025 03:45,Vandalism,"876 GOODYEAR BLVD"
APD,2025-00001075,11/29/2025 10:58,Motor Vehicle Theft,"213 GRANT ST"
APD,2025-00001076,11/29/2025 18:10,Suspicious Activity,"654 EXCHANGE ST"
UAPD,25-1077,11/30/2025 01:22,Assault,"987 KENMORE BLVD"
APD,2025-00001078,11/30/2025 08:35,Robbery,"321 HAWKINS AVE"
APD,2025-00001079,11/30/2025 15:48,Burglary,"654 BUCHTEL AVE"
APD,2025-00001080,11/30/2025 23:00,Domestic Incident,"901 EAST AVE"
APD,2025-00001081,12/01/2025 06:12,Sexual Assault,"234 MAIN ST"
UAPD,25-1082,12/01/2025 13:25,Other,"567 BROWN ST"
APD,2025-00001083,12/01/2025 20:38,Stalking,"890 WATERLOO RD"
APD,2025-00001084,12/02/2025 03:50,Treason,"112 STATE ST"
APD,2025-00001085,12/02/2025 11:02,Kidnapping,"443 ARLINGTON ST"
APD,2025-00001086,12/02/2025 18:15,Homicide,"776 COPLEY RD"
UAPD,25-1087,12/03/2025 01:28,Rape,"334 TALLMADGE AVE"
APD,2025-00001088,12/03/2025 08:40,Aggravated Assault,"667 INMAN ST"
APD,2025-00001089,12/03/2025 15:52,Theft,"998 MARKET ST"
APD,2025-00001090,12/03/2025 23:05,Arson,"121 GOODYEAR BLVD"
APD,2025-00001091,12/04/2025 06:18,Vandalism,"543 GRANT ST"
UAPD,25-1092,12/04/2025 13:30,Motor Vehicle Theft,"876 EXCHANGE ST"
APD,2025-00001093,12/04/2025 20:42,Suspicious Activity,"213 KENMORE BLVD"
APD,2025-00001094,12/05/2025 03:55,Assault,"654 HAWKINS AVE"
APD,2025-00001095,12/05/2025 11:08,Robbery,"987 BUCHTEL AVE"
APD,2025-00001096,12/05/2025 18:20,Burglary,"321 EAST AVE"
UAPD,25-1097,12/06/2025 01:32,Domestic Incident,"654 MAIN ST"
APD,2025-00001098,12/06/2025 08:45,Sexual Assault,"901 BROWN ST"
APD,2025-00001099,12/06/2025 15:58,Other,"234 WATERLOO RD"
APD,2025-00001100,12/06/2025 23:10,Stalking,"567 STATE ST"
APD,2025-00001101,12/07/2025 06:22,Treason,"890 ARLINGTON ST"
UAPD,25-1102,12/07/2025 13:35,Kidnapping,"112 COPLEY RD"
APD,2025-00001103,12/07/2025 20:48,Homicide,"443 TALLMADGE AVE"
APD,2025-00001104,12/08/2025 04:00,Rape,"776 INMAN ST"
APD,2025-00001105,12/08/2025 11:12,Aggravated Assault,"334 MARKET ST"
APD,2025-00001106,12/08/2025 18:25,Theft,"667 GOODYEAR BLVD"
UAPD,25-1107,12/09/2025 01:38,Arson,"998 GRANT ST"
APD,2025-00001108,12/09/2025 08:50,Vandalism,"121 EXCHANGE ST"
APD,2025-00001109,12/09/2025 16:02,Motor Vehicle Theft,"543 KENMORE BLVD"
APD,2025-00001110,12/09/2025 23:15,Suspicious Activity,"876 HAWKINS AVE"
APD,2025-00001111,12/10/2025 06:28,Assault,"213 BUCHTEL AVE"
UAPD,25-1112,12/10/2025 13:40,Robbery,"654 EAST AVE"
APD,2025-00001113,12/10/2025 20:52,Burglary,"987 MAIN ST"
APD,2025-00001114,12/11/2025 04:05,Domestic Incident,"321 BROWN ST"
APD,2025-00001115,12/11/2025 11:18,Sexual Assault,"654 WATERLOO RD"
APD,2025-00001116,12/11/2025 18:30,Other,"901 STATE ST"
UAPD,25-1117,12/12/2025 01:42,Stalking,"234 ARLINGTON ST"
APD,2025-00001118,12/12/2025 08:55,Treason,"567 COPLEY RD"
APD,2025-00001119,12/12/2025 16:08,Kidnapping,"890 TALLMADGE AVE"
APD,2025-00001120,12/12/2025 23:20,Homicide,"112 INMAN ST"
APD,2025-00001121,12/13/2025 06:32,Rape,"443 MARKET ST"
UAPD,25-1122,12/13/2025 13:45,Aggravated Assault,"776 GOODYEAR BLVD"
APD,2025-00001123,12/13/2025 20:58,Theft,"334 GRANT ST"
APD,2025-00001124,12/14/2025 04:10,Arson,"667 EXCHANGE ST"
APD,2025-00001125,12/14/2025 11:22,Vandalism,"998 KENMORE BLVD"
APD,2025-00001126,12/14/2025 18:35,Motor Vehicle Theft,"121 HAWKINS AVE"
UAPD,25-1127,12/15/2025 01:48,Suspicious Activity,"543 BUCHTEL AVE"
APD,2025-00001128,12/15/2025 09:00,Assault,"876 EAST AVE"
APD,2025-00001129,12/15/2025 16:12,Robbery,"213 MAIN ST"
APD,2025-00001130,12/15/2025 23:25,Burglary,"654 BROWN ST"
APD,2025-00001131,12/16/2025 06:38,Domestic Incident,"987 WATERLOO RD"
UAPD,25-1132,12/16/2025 13:50,Sexual Assault,"321 STATE ST"
APD,2025-00001133,12/16/2025 21:02,Other,"654 ARLINGTON ST"
APD,2025-00001134,12/17/2025 04:15,Stalking,"901 COPLEY RD"
APD,2025-00001135,12/17/2025 11:28,Treason,"234 TALLMADGE AVE"
APD,2025-00001136,12/17/2025 18:40,Kidnapping,"567 INMAN ST"
UAPD,25-1137,12/18/2025 01:52,Homicide,"890 MARKET ST"
APD,2025-00001138,12/18/2025 09:05,Rape,"112 GOODYEAR BLVD"
APD,2025-00001139,12/18/2025 16:18,Aggravated Assault,"443 GRANT ST"
APD,2025-00001140,12/18/2025 23:30,Theft,"776 EXCHANGE ST"
APD,2025-00001141,12/19/2025 06:42,Arson,"334 KENMORE BLVD"
UAPD,25-1142,12/19/2025 13:55,Vandalism,"667 HAWKINS AVE"
APD,2025-00001143,12/19/2025 21:08,Motor Vehicle Theft,"998 BUCHTEL AVE"
APD,2025-00001144,12/20/2025 04:20,Suspicious Activity,"121 EAST AVE"
APD,2025-00001145,12/20/2025 11:32,Assault,"543 MAIN ST"
APD,2025-00001146,12/20/2025 18:45,Robbery,"876 BROWN ST"
UAPD,25-1147,12/21/2025 01:58,Burglary,"213 WATERLOO RD"
APD,2025-00001148,12/21/2025 09:10,Domestic Incident,"654 STATE ST"
APD,2025-00001149,12/21/2025 16:22,Sexual Assault,"987 ARLINGTON ST"
APD,2025-00001150,12/21/2025 23:35,Other,"321 COPLEY RD"
APD,2025-00001151,12/22/2025 06:48,Stalking,"654 TALLMADGE AVE"
UAPD,25-1152,12/22/2025 14:00,Treason,"901 INMAN ST"
APD,2025-00001153,12/22/2025 21:12,Kidnapping,"234 MARKET ST"
APD,2025-00001154,12/23/2025 04:25,Homicide,"567 GOODYEAR BLVD"
APD,2025-00001155,12/23/2025 11:38,Rape,"890 GRANT ST"
APD,2025-00001156,12/23/2025 18:50,Aggravated Assault,"112 EXCHANGE ST"
UAPD,25-1157,12/24/2025 02:02,Theft,"443 KENMORE BLVD"
APD,2025-00001158,12/24/2025 09:15,Arson,"776 HAWKINS AVE"
APD,2025-00001159,12/24/2025 16:28,Vandalism,"334 BUCHTEL AVE"
APD,2025-00001160,12/24/2025 23:40,Motor Vehicle Theft,"667 EAST AVE"
APD,2025-00001161,12/25/2025 06:52,Suspicious Activity,"998 MAIN ST"
UAPD,25-1162,12/25/2025 14:05,Assault,"121 BROWN ST"
APD,2025-00001163,12/25/2025 21:18,Robbery,"543 WATERLOO RD"
APD,2025-00001164,12/26/2025 04:30,Burglary,"876 STATE ST"
APD,2025-00001165,12/26/2025 11:42,Domestic Incident,"213 ARLINGTON ST"
APD,2025-00001166,12/26/2025 18:55,Sexual Assault,"654 COPLEY RD"
UAPD,25-1167,12/27/2025 02:08,Other,"987 TALLMADGE AVE"
APD,2025-00001168,12/27/2025 09:20,Stalking,"321 INMAN ST"
APD,2025-00001169,12/27/2025 16:32,Treason,"654 MARKET ST"
APD,2025-00001170,12/27/2025 23:45,Kidnapping,"901 GOODYEAR BLVD"
APD,2025-00001171,12/28/2025 06:58,Homicide,"234 GRANT ST"
UAPD,25-1172,12/28/2025 14:10,Rape,"567 EXCHANGE ST"
APD,2025-00001173,12/28/2025 21:22,Aggravated Assault,"890 KENMORE BLVD"
APD,2025-00001174,12/29/2025 04:35,Theft,"112 HAWKINS AVE"
APD,2025-00001175,12/29/2025 11:48,Arson,"443 BUCHTEL AVE"
APD,2025-00001176,12/29/2025 19:00,Vandalism,"776 EAST AVE"
UAPD,25-1177,12/30/2025 02:12,Motor Vehicle Theft,"334 MAIN ST"
APD,2025-00001178,12/30/2025 09:25,Suspicious Activity,"667 BROWN ST"
APD,2025-00001179,12/30/2025 16:38,Assault,"998 WATERLOO RD"
APD,2025-00001180,12/30/2025 23:50,Robbery,"121 STATE ST"
APD,2025-00001181,12/31/2025 07:02,Burglary,"543 ARLINGTON ST"
UAPD,25-1182,12/31/2025 14:15,Domestic Incident,"876 COPLEY RD"
APD,2025-00001183,12/31/2025 21:28,Aggravated Assault,"213